customer_id,customer_names,genders,emails,phones,address
1,Concordia Hansley,M,chansley0@icio.us,+54-424-894-9204,18067 Mallard Lane
2,Ursola Finding,F,ufinding1@hhs.gov,+234-556-744-0980,152 Carey Trail
3,Vickie Kryska,F,vkryska2@yellowbook.com,+48-500-780-4326,305 Vidon Avenue
4,Nerissa Yter,M,nyter3@ucoz.ru,+351-339-796-1678,693 Sunbrook Lane
5,Francois Maty,M,fmaty4@nifty.com,+86-489-908-0509,12286 Forest Dale Way
6,Gunar Adanez,F,gadanez5@google.com,+218-283-970-2530,0 Cambridge Trail
7,Des Beavers,F,dbeavers6@ibm.com,+33-418-507-5791,83897 Huxley Circle
8,Westley Enrietto,M,wenrietto7@wordpress.org,+48-834-599-0759,89 Emmet Drive
9,Lek Jacklin,F,ljacklin8@opensource.org,+49-675-501-7962,7 Menomonie Way
10,Eunice King,M,eking9@altervista.org,+249-179-559-5981,1 Hovde Hill
11,Violet Goldster,F,vgoldstera@technorati.com,+84-206-516-3624,9 Glacier Hill Drive
12,Libby Dougharty,F,ldoughartyb@plala.or.jp,+82-537-398-1889,81491 La Follette Alley
13,Joella Poge,M,jpogec@ft.com,+86-757-349-3778,3 Saint Paul Lane
14,Ches Jeaffreson,F,cjeaffresond@miitbeian.gov.cn,+420-610-946-9341,4 Shopko Junction
15,Shanan Babb,F,sbabbe@godaddy.com,+218-367-331-3762,23 Bluestem Road
16,Fraser Andric,M,fandricf@msu.edu,+212-607-201-0301,1 Thackeray Place
17,Martguerita Kermit,F,mkermitg@toplist.cz,+62-199-229-8454,998 Bashford Trail
18,Konrad Latus,M,klatush@edublogs.org,+7-674-634-7102,5 Barnett Junction
19,Lura Nunson,M,lnunsoni@acquirethisname.com,+1-310-740-9069,0940 Loeprich Crossing
20,Adela Ciabatteri,M,aciabatterij@tmall.com,+86-151-697-6191,78 Hauk Center
21,Adrea Bolus,M,abolusk@is.gd,+62-317-311-8207,6192 Roxbury Circle
22,Aprilette Sporner,F,aspornerl@goo.gl,+60-135-677-0407,31009 Westridge Street
23,Miguela Blackaby,M,mblackabym@hud.gov,+62-783-204-4588,7 Bowman Lane
24,Valle Petry,F,vpetryn@google.fr,+57-687-874-7290,01094 Fulton Way
25,Camille Castaner,M,ccastanero@friendfeed.com,+62-732-350-5854,446 Shasta Point
26,Devlen Whoston,F,dwhostonp@omniture.com,+52-271-174-1649,44 La Follette Alley
27,Saleem Colerick,F,scolerickq@geocities.com,+963-172-426-8618,04175 Mendota Crossing
28,Vaughn Whiteford,M,vwhitefordr@networksolutions.com,+20-644-301-1222,67 Summer Ridge Center
29,Emeline Rusbridge,F,erusbridges@list-manage.com,+7-722-140-7487,6894 Lillian Hill
30,Stinky Vickors,F,svickorst@feedburner.com,+55-604-293-1321,1 Aberg Trail
31,Leone Hesse,F,lhesseu@facebook.com,+55-557-321-4697,43 Debs Crossing
32,Penny Laidler,M,plaidlerv@bravesites.com,+63-210-569-3561,08 Longview Place
33,Ulick Karpychev,M,ukarpychevw@barnesandnoble.com,+359-120-552-4536,19 Cascade Parkway
34,Moreen Pawlik,M,mpawlikx@hc360.com,+977-309-654-9407,02505 Fuller Crossing
35,Fairleigh Saipy,M,fsaipyy@indiegogo.com,+234-475-654-1193,89 Kinsman Terrace
36,Gaston Cadding,M,gcaddingz@nyu.edu,+1-919-537-8454,979 Pearson Point
37,Riane Ruffell,F,rruffell10@bigcartel.com,+46-168-786-4652,22 Bashford Park
38,Enriqueta Mariaud,F,emariaud11@exblog.jp,+235-818-455-5999,656 Summit Place
39,Anneliese Greetham,M,agreetham12@yolasite.com,+351-281-118-2169,311 Boyd Crossing
40,Aubry Keepence,F,akeepence13@biglobe.ne.jp,+46-321-536-5156,77623 Jenifer Drive
41,Wynny Speere,F,wspeere14@amazon.co.uk,+7-875-919-9905,4 Norway Maple Parkway
42,Gilles Elmar,F,gelmar15@answers.com,+62-476-736-3389,6 Cottonwood Crossing
43,Halsey Kittle,F,hkittle16@statcounter.com,+7-674-455-2502,11141 Mockingbird Place
44,Linell Bust,F,lbust17@tripod.com,+86-194-946-0816,0759 Warrior Parkway
45,Corabel Durban,F,cdurban18@umn.edu,+380-863-882-5110,5767 Oxford Trail
46,Korella Tarburn,F,ktarburn19@usatoday.com,+49-175-846-7117,51 Prairie Rose Hill
47,Felicity Gibbins,M,fgibbins1a@exblog.jp,+51-312-767-3699,49 Cody Pass
48,Kiele Bayley,F,kbayley1b@behance.net,+976-665-532-3411,55646 International Plaza
49,Sofia Zambon,M,szambon1c@ifeng.com,+86-327-441-7062,551 Eggendart Crossing
50,Amil Walshe,M,awalshe1d@hostgator.com,+86-427-622-5660,27 Stuart Place
51,Hailee Ducker,F,hducker1e@youtu.be,+45-785-961-3983,32 Arizona Place
52,Elita Jeffree,M,ejeffree1f@mlb.com,+63-902-187-7588,44411 Derek Pass
53,Larry Jakoubek,F,ljakoubek1g@java.com,+1-149-488-8727,1 Main Parkway
54,Honey Benbough,F,hbenbough1h@last.fm,+60-155-569-8420,7216 Center Place
55,Rees Goodram,M,rgoodram1i@mashable.com,+33-766-278-2294,39912 Jenna Place
56,Rhianon Cartmell,M,rcartmell1j@ftc.gov,+86-757-453-9421,33225 Swallow Lane
57,Claiborne Shenfish,F,cshenfish1k@homestead.com,+62-144-964-3548,3 Basil Place
58,Dix Hyder,F,dhyder1l@china.com.cn,+62-555-186-2393,05 Drewry Way
59,Conny Jonk,M,cjonk1m@simplemachines.org,+81-257-731-6890,12 Debra Hill
60,Elmo Petrillo,F,epetrillo1n@imdb.com,+86-308-119-5488,95138 Victoria Court
61,Wylma Oakeby,M,woakeby1o@omniture.com,+7-475-557-6439,94 Service Drive
62,Prissie Neggrini,F,pneggrini1p@nih.gov,+86-189-761-2442,8918 Blaine Street
63,Darrelle Riddiford,F,driddiford1q@theglobeandmail.com,+86-887-760-7555,20600 Kensington Court
64,Serena McLise,M,smclise1r@homestead.com,+351-469-626-2975,693 Butterfield Drive
65,Wallis Corson,M,wcorson1s@behance.net,+62-402-595-2665,79168 Hansons Parkway
66,Willyt Burnett,F,wburnett1t@newsvine.com,+86-721-820-3640,71 Blue Bill Park Road
67,Gray Sondland,F,gsondland1u@rediff.com,+86-277-950-8066,2 Scott Crossing
68,Franky Joy,M,fjoy1v@nationalgeographic.com,+55-260-428-4612,4 Oakridge Place
69,Erek Comber,M,ecomber1w@dailymail.co.uk,+381-945-946-8542,70920 Havey Avenue
70,Margie Christopher,M,mchristopher1x@qq.com,+31-408-321-6132,483 Stoughton Street
71,Minny Geary,F,mgeary1y@geocities.jp,+351-686-733-1229,048 Barby Avenue
72,Quincy Dymoke,M,qdymoke1z@printfriendly.com,+967-407-222-6233,4435 Carpenter Trail
73,Padraic Hadwin,F,phadwin20@amazon.co.uk,+86-837-860-1923,68 Pankratz Park
74,Elise Setch,M,esetch21@nps.gov,+63-431-529-6079,6 Laurel Plaza
75,Maximo Farquarson,M,mfarquarson22@ycombinator.com,+352-587-366-1165,80 Macpherson Avenue
76,Casper Kopacek,M,ckopacek23@marriott.com,+1-593-326-9186,835 Killdeer Lane
77,Wilmer Lethieulier,F,wlethieulier24@imageshack.us,+358-517-225-6316,1 Ridgeview Parkway
78,Julietta Livock,M,jlivock25@prweb.com,+242-406-935-7897,314 Dwight Alley
79,Genovera Elkington,M,gelkington26@woothemes.com,+351-317-868-8903,286 Fremont Center
80,Duff Greenley,M,dgreenley27@1und1.de,+504-468-392-2325,5768 Raven Parkway
81,Franklyn Vannet,F,fvannet28@histats.com,+62-130-555-2836,77453 Dixon Parkway
82,Casey Downie,M,cdownie29@goo.ne.jp,+86-929-897-8075,32 Mockingbird Alley
83,Myrle Siaspinski,M,msiaspinski2a@rakuten.co.jp,+62-258-628-8328,17208 Debra Pass
84,Alasteir Knocker,F,aknocker2b@home.pl,+55-801-570-1406,1 Sunfield Drive
85,Dennet Revington,F,drevington2c@biglobe.ne.jp,+48-404-935-7594,4599 Debra Court
86,Mechelle Sheilds,F,msheilds2d@opera.com,+62-131-619-2973,5825 Weeping Birch Terrace
87,Morgan Rheaume,F,mrheaume2e@icio.us,+86-688-936-3620,624 Banding Crossing
88,Salvatore Domelow,M,sdomelow2f@opera.com,+375-193-772-8672,83 Corben Place
89,Lyell Bizzey,M,lbizzey2g@accuweather.com,+86-405-984-6448,10 Towne Circle
90,Rosalia Maypother,M,rmaypother2h@latimes.com,+63-758-895-3125,875 Tomscot Drive
91,Early Redbourn,M,eredbourn2i@biblegateway.com,+82-482-423-1145,081 Mendota Junction
92,Erin Newsham,F,enewsham2j@nyu.edu,+33-941-490-7944,920 3rd Road
93,Lesya Vern,F,lvern2k@lycos.com,+351-987-122-9311,7 8th Terrace
94,Hollyanne Duffie,M,hduffie2l@ycombinator.com,+351-426-507-9142,671 Hoffman Center
95,Taylor Bour,M,tbour2m@cyberchimps.com,+52-725-283-4111,5012 Ruskin Hill
96,My Lazarus,F,mlazarus2n@live.com,+63-406-667-0386,89 Birchwood Avenue
97,Dalston Le Lievre,F,dle2o@jiathis.com,+86-253-148-6813,4202 Bowman Plaza
98,Danyette Eringey,M,deringey2p@chronoengine.com,+62-416-271-0734,0 Schurz Point
99,Denny Stoney,F,dstoney2q@va.gov,+93-164-944-7982,6 Crownhardt Road
100,Katrina Ruvel,M,kruvel2r@slate.com,+7-596-615-4545,4689 Southridge Crossing
101,Berti Withrington,M,bwithrington2s@163.com,+86-512-160-7804,46946 Lakeland Avenue
102,Zita Falks,F,zfalks2t@tmall.com,+1-479-486-3518,0 Johnson Plaza
103,Bil Windas,F,bwindas2u@chron.com,+46-205-858-7422,4742 Ryan Crossing
104,Leena Lound,M,llound2v@pcworld.com,+62-705-847-1836,84 Upham Pass
105,Petrina Chalcraft,M,pchalcraft2w@upenn.edu,+1-397-679-4892,2485 Vernon Hill
106,Reeta Aylett,F,raylett2x@google.co.jp,+994-888-185-1125,9998 Sullivan Avenue
107,Cherrita Medeway,F,cmedeway2y@wired.com,+420-375-314-5240,4244 Heffernan Alley
108,Linn Gudger,F,lgudger2z@army.mil,+380-318-282-6626,8 Doe Crossing Trail
109,Flossi Storie,F,fstorie30@mozilla.com,+33-486-500-0123,954 Veith Lane
110,Olivia Kimber,F,okimber31@amazon.co.jp,+994-135-188-5008,0779 Mosinee Street
111,Marcellina Carney,M,mcarney32@accuweather.com,+1-426-306-3116,7 Londonderry Center
112,Cello Tourry,F,ctourry33@lycos.com,+66-743-849-1206,6 Dawn Street
113,Uta Shenton,M,ushenton34@networkadvertising.org,+54-705-817-4177,73 Pawling Place
114,Tasha Cartin,F,tcartin35@forbes.com,+62-460-862-0022,17421 Rieder Point
115,Cacilia Grandisson,M,cgrandisson36@newyorker.com,+970-198-200-0800,75547 Ramsey Alley
116,Linnell Gettings,F,lgettings37@fotki.com,+55-886-845-0178,28 Grover Plaza
117,Karim Reignard,F,kreignard38@dion.ne.jp,+48-538-969-5007,02 Maywood Way
118,Pete Gadsden,F,pgadsden39@i2i.jp,+57-225-755-8483,63 Debs Alley
119,Winny Snook,M,wsnook3a@friendfeed.com,+62-818-931-3308,15423 Scoville Park
120,Berry Moxom,F,bmoxom3b@dailymail.co.uk,+62-540-811-3716,44 Dakota Crossing
121,Drusilla Grestie,M,dgrestie3c@csmonitor.com,+353-735-942-2092,7 East Pass
122,Hermione Lipmann,F,hlipmann3d@github.io,+62-776-973-0216,5357 Summer Ridge Court
123,Xylia Normavell,M,xnormavell3e@mit.edu,+86-335-968-4036,645 Hayes Plaza
124,Bambie McLeoid,F,bmcleoid3f@reddit.com,+55-658-477-7752,58396 American Ash Park
125,Bjorn Danovich,F,bdanovich3g@xinhuanet.com,+55-877-457-8135,23 Texas Avenue
126,Bethina Pavlovic,F,bpavlovic3h@virginia.edu,+93-264-158-3720,805 Rowland Trail
127,Winfred Mechan,M,wmechan3i@bandcamp.com,+63-395-558-9300,13675 Butterfield Way
128,Harrison Zwicker,M,hzwicker3j@jimdo.com,+48-989-574-9494,29215 Moland Trail
129,Carissa Sellwood,F,csellwood3k@google.ca,+48-922-457-5267,522 Surrey Road
130,Valentia Klement,F,vklement3l@virginia.edu,+66-804-945-2564,223 Corben Court
131,Bill Mapson,M,bmapson3m@facebook.com,+880-756-956-4360,27760 Kedzie Point
132,Ray Newling,F,rnewling3n@angelfire.com,+7-981-681-1687,746 Roth Lane
133,Adriano Bonnett,F,abonnett3o@dot.gov,+62-327-983-0305,73 Cherokee Terrace
134,Beatriz Wigan,M,bwigan3p@networkadvertising.org,+64-968-482-2462,88165 Sloan Court
135,Lethia Finci,F,lfinci3q@dell.com,+351-330-607-0194,7427 Golden Leaf Junction
136,Milka Raulstone,F,mraulstone3r@comsenz.com,+1-443-772-7500,0 Luster Plaza
137,Decca Heindrick,M,dheindrick3s@wikipedia.org,+63-291-634-5949,4477 Mariners Cove Parkway
138,Emily Cooney,F,ecooney3t@cnn.com,+81-212-307-9027,065 Nelson Junction
139,Melony Teal,M,mteal3u@scribd.com,+1-316-374-4810,88294 Memorial Trail
140,Kirby Martignoni,M,kmartignoni3v@uol.com.br,+221-281-377-4085,352 Clemons Pass
141,Sorcha Pharro,M,spharro3w@uiuc.edu,+33-293-184-0961,75 Meadow Valley Plaza
142,Marylou Boots,F,mboots3x@whitehouse.gov,+63-647-139-2022,901 Veith Road
143,Heidie Mickan,M,hmickan3y@wikipedia.org,+381-607-974-1422,9184 Maywood Court
144,Tine Garken,M,tgarken3z@wunderground.com,+55-260-465-8189,93594 2nd Crossing
145,Rabbi Valder,M,rvalder40@mit.edu,+381-885-113-4421,1322 Manitowish Trail
146,Rayna Drewry,M,rdrewry41@symantec.com,+52-114-654-7244,5 Mccormick Drive
147,Wade Eacott,M,weacott42@facebook.com,+62-180-981-3897,0377 Express Parkway
148,Hanna Shirley,M,hshirley43@addtoany.com,+86-897-149-0099,3 Carioca Court
149,Sallyanne Pochet,F,spochet44@bbb.org,+998-627-307-2698,03 Sunbrook Terrace
150,Roberto Vader,M,rvader45@goo.gl,+46-861-857-8273,73567 Arapahoe Court
151,Fayth Milliere,F,fmilliere46@fema.gov,+66-702-189-1430,8 Fairfield Center
152,Gaylor Ledington,F,gledington47@earthlink.net,+86-160-754-6366,48776 Brickson Park Circle
153,Erskine Keam,F,ekeam48@angelfire.com,+46-452-201-7129,13077 Basil Lane
154,Lexie Heskin,M,lheskin49@plala.or.jp,+86-666-372-8778,74111 Russell Road
155,Caria Murrie,M,cmurrie4a@networkadvertising.org,+63-637-421-3123,964 Luster Point
156,Kellby Bettleson,F,kbettleson4b@skyrock.com,+51-867-739-0790,489 Warner Junction
157,Dennie Umpleby,F,dumpleby4c@ft.com,+383-221-732-8916,324 Jenna Way
158,Yoshiko Macallam,M,ymacallam4d@icq.com,+86-366-241-3198,256 Arapahoe Circle
159,Aluin Thurlow,M,athurlow4e@fda.gov,+255-123-249-5118,9359 Ridge Oak Center
160,Lebbie Levitt,M,llevitt4f@behance.net,+86-590-416-4633,233 Buhler Circle
161,Donna Ronchi,F,dronchi4g@google.co.uk,+57-937-908-3747,98071 Westend Place
162,Bonni Hailwood,F,bhailwood4h@fastcompany.com,+84-115-762-7674,5 Butterfield Pass
163,Milka Lumsdale,M,mlumsdale4i@histats.com,+86-456-970-7663,4 Monica Terrace
164,Kin Marryatt,F,kmarryatt4j@prweb.com,+1-502-171-1583,288 Towne Street
165,Rayner Mars,F,rmars4k@scientificamerican.com,+66-753-243-7211,9 Fulton Trail
166,Kendell McKeag,M,kmckeag4l@addthis.com,+55-672-982-2386,881 Trailsway Avenue
167,Loria Henkens,M,lhenkens4m@cbc.ca,+86-601-723-4539,8670 5th Pass
168,Jordana Moehler,F,jmoehler4n@businessinsider.com,+371-210-889-2166,9331 Hazelcrest Trail
169,Britte Teaze,M,bteaze4o@creativecommons.org,+1-513-473-4957,90 Fulton Junction
170,Lonnie Pepys,M,lpepys4p@pcworld.com,+48-348-176-5870,925 Ilene Road
171,Alley Tother,F,atother4q@google.fr,+234-206-718-3765,65520 Hoffman Park
172,Rayner Vineall,M,rvineall4r@berkeley.edu,+84-624-411-9871,85215 Myrtle Pass
173,Rafa Atwool,M,ratwool4s@dagondesign.com,+7-802-504-0494,2255 Pepper Wood Avenue
174,Stanwood Filpo,M,sfilpo4t@bloglines.com,+86-712-650-6345,34670 Manitowish Court
175,Cleopatra Jeffreys,M,cjeffreys4u@webs.com,+86-221-697-0701,856 Ridgeway Plaza
176,Friedrick Gammidge,F,fgammidge4v@infoseek.co.jp,+52-559-549-5739,58 Loftsgordon Park
177,Lief Denington,M,ldenington4w@bigcartel.com,+63-508-889-1768,05658 Memorial Lane
178,Layne McGettrick,M,lmcgettrick4x@harvard.edu,+7-530-754-3046,67432 Schmedeman Court
179,Dannel Ashburne,M,dashburne4y@blogs.com,+1-330-491-0782,84 Kennedy Alley
180,Siward MacCambridge,F,smaccambridge4z@google.com.br,+358-599-626-9491,71 Walton Hill
181,Brigida Batterton,F,bbatterton50@oakley.com,+1-281-507-8641,6316 Pierstorff Circle
182,Glory Cansdill,F,gcansdill51@huffingtonpost.com,+263-508-953-9213,271 Knutson Hill
183,Heriberto Wyd,M,hwyd52@cbsnews.com,+7-334-500-9645,291 Declaration Road
184,Gavrielle Rosborough,F,grosborough53@webmd.com,+86-393-463-5761,8 2nd Point
185,Claire Lockitt,M,clockitt54@issuu.com,+373-576-527-4256,01679 East Drive
186,Adrian Braisted,M,abraisted55@mediafire.com,+62-525-773-4718,1 Warbler Street
187,Sharyl Le Port,M,sle56@newsvine.com,+86-895-166-5139,99243 Londonderry Street
188,Binky Reagan,F,breagan57@irs.gov,+48-640-130-3788,963 Morning Drive
189,Odo Hebbard,M,ohebbard58@reference.com,+7-806-758-8803,08954 Division Parkway
190,Don Sive,M,dsive59@slate.com,+1-158-360-5892,08 Birchwood Park
191,Jim Verney,F,jverney5a@yale.edu,+386-179-620-0861,5458 Esker Parkway
192,Florette Annies,F,fannies5b@house.gov,+62-532-728-2614,4122 Pepper Wood Lane
193,Thelma Ixer,F,tixer5c@patch.com,+86-785-575-1127,21 4th Terrace
194,Irma Splaven,F,isplaven5d@time.com,+62-556-772-3255,95038 Jenna Park
195,Hamel Pepon,F,hpepon5e@bloglines.com,+7-627-590-2665,56 Union Lane
196,Alida Cherry Holme,M,acherry5f@home.pl,+374-566-747-8586,7121 Londonderry Drive
197,Christyna Farquharson,F,cfarquharson5g@buzzfeed.com,+47-883-713-2482,9 School Drive
198,Katharyn Darington,F,kdarington5h@seesaa.net,+1-576-883-9430,7207 Little Fleur Plaza
199,Chandler Landeg,M,clandeg5i@nymag.com,+33-149-919-3742,642 Anderson Way
200,Lee Vautin,M,lvautin5j@instagram.com,+62-205-324-2280,93 Northport Way
201,Cathe Valsler,M,cvalsler5k@sbwire.com,+86-342-223-0491,3413 Gulseth Pass
202,Carlene Budden,F,cbudden5l@comcast.net,+420-390-934-0848,90273 Sutherland Plaza
203,Harwell Jupe,M,hjupe5m@state.tx.us,+852-116-964-8371,9 Forster Circle
204,Stavros Magenny,M,smagenny5n@deliciousdays.com,+51-922-196-1069,47561 Truax Lane
205,Tan Dumbrell,F,tdumbrell5o@amazon.co.jp,+1-601-490-5928,10 Namekagon Court
206,Laurens MacDermot,F,lmacdermot5p@shutterfly.com,+256-413-408-7437,2633 Marcy Junction
207,Rebe Scothron,M,rscothron5q@comsenz.com,+506-843-941-9284,5222 Saint Paul Park
208,Christie Caughan,M,ccaughan5r@geocities.com,+86-328-876-4653,1 Esch Plaza
209,Peri Woof,M,pwoof5s@google.nl,+60-978-663-6035,4 Vernon Park
210,Sheilakathryn Scothern,F,sscothern5t@angelfire.com,+242-984-890-4373,503 Parkside Alley
211,Bartholomeo Danhel,F,bdanhel5u@sciencedirect.com,+234-983-738-7041,4977 Hudson Hill
212,Rance Pearce,F,rpearce5v@blogspot.com,+31-297-211-0080,7 Killdeer Junction
213,Hardy Merryweather,F,hmerryweather5w@alibaba.com,+268-676-556-7690,95285 8th Drive
214,Bobbie Lendon,M,blendon5x@ezinearticles.com,+86-915-307-7444,199 Bunting Drive
215,Benoit Gallimore,M,bgallimore5y@clickbank.net,+86-420-803-7948,14 Clarendon Circle
216,Caressa Tatford,M,ctatford5z@kickstarter.com,+502-727-644-0351,42050 Nova Alley
217,Gannon Dufaire,M,gdufaire60@cnbc.com,+7-175-311-4230,18030 Merrick Plaza
218,Sibylle Pleasaunce,M,spleasaunce61@canalblog.com,+48-116-460-5706,1 Evergreen Point
219,Cathe Cutress,M,ccutress62@cpanel.net,+62-215-629-8170,6626 Manufacturers Center
220,Sammy Dee,F,sdee63@va.gov,+62-878-873-5258,3778 Summit Place
221,Clerc Blackie,M,cblackie64@psu.edu,+34-235-654-7055,6 Tennessee Place
222,Farrell Humm,F,fhumm65@ca.gov,+255-268-320-9568,84510 Meadow Ridge Avenue
223,Nefen Diment,M,ndiment66@github.io,+48-407-372-6751,38364 Atwood Center
224,Hilliary Dammarell,M,hdammarell67@wsj.com,+46-211-410-9335,566 Killdeer Hill
225,Charlene Normington,F,cnormington68@1und1.de,+86-190-235-7078,4386 Main Point
226,Bobine Carabet,M,bcarabet69@mapquest.com,+234-432-888-5695,4 Oakridge Terrace
227,Suzanna Caulwell,M,scaulwell6a@blog.com,+62-821-955-5295,4 Rowland Way
228,Solomon Palke,M,spalke6b@etsy.com,+7-945-198-9297,19890 Aberg Terrace
229,Donnie Mostyn,M,dmostyn6c@unesco.org,+7-834-713-7132,85 Swallow Park
230,Berni Puckrin,F,bpuckrin6d@mail.ru,+84-100-617-1800,887 Continental Avenue
231,Bertie Bahia,M,bbahia6e@fotki.com,+86-997-537-2300,2 Orin Alley
232,Marcelle Ganford,M,mganford6f@vkontakte.ru,+62-503-509-1059,1 Butternut Parkway
233,Guillema Sayer,M,gsayer6g@washington.edu,+86-710-340-3946,83536 Ohio Street
234,Addy Lewnden,M,alewnden6h@imgur.com,+86-579-823-6328,80 Montana Court
235,Ingamar Newcom,M,inewcom6i@blogtalkradio.com,+57-358-850-0103,538 Tennessee Crossing
236,Bride Landes,M,blandes6j@state.gov,+51-686-682-4051,4512 Calypso Terrace
237,Patti Soutar,F,psoutar6k@vinaora.com,+30-108-371-5372,8687 Northwestern Junction
238,Evelina Clemencon,F,eclemencon6l@spotify.com,+86-264-436-2655,85 Ruskin Court
239,Zulema Gehrtz,M,zgehrtz6m@webs.com,+965-738-379-1113,7 Nevada Avenue
240,Ennis Mathes,F,emathes6n@dedecms.com,+86-751-850-2709,83892 Schiller Trail
241,Persis Capponer,M,pcapponer6o@naver.com,+62-277-427-5735,606 Erie Parkway
242,Selene Byard,F,sbyard6p@harvard.edu,+81-305-463-7714,54 Menomonie Park
243,Osborne Shillabear,F,oshillabear6q@economist.com,+62-658-721-2969,8041 Anthes Lane
244,York Gateley,M,ygateley6r@tinyurl.com,+353-968-632-1009,7160 Dwight Center
245,Delcina Clausen-Thue,M,dclausenthue6s@dmoz.org,+48-506-823-9909,930 Esker Lane
246,Rip Brookzie,F,rbrookzie6t@nih.gov,+352-538-354-6815,2 Little Fleur Avenue
247,Sascha Roddan,M,sroddan6u@nydailynews.com,+86-375-929-9472,8097 Bonner Hill
248,Dinah Zouch,M,dzouch6v@topsy.com,+62-265-565-1158,16149 Knutson Junction
249,Ashleigh Crass,M,acrass6w@arstechnica.com,+1-317-138-3949,2788 Ronald Regan Road
250,Murry Bourgaize,M,mbourgaize6x@ft.com,+7-294-381-1261,15631 Summit Court
251,Jodee Maric,M,jmaric6y@shutterfly.com,+27-243-107-3059,9 Doe Crossing Alley
252,Gerard Tedorenko,F,gtedorenko6z@addtoany.com,+86-627-153-5250,1317 Loomis Trail
253,Rock Esley,F,resley70@geocities.com,+51-243-263-1133,8 Kinsman Drive
254,Free Pyrton,M,fpyrton71@sfgate.com,+53-264-332-2275,1 Sullivan Court
255,Davin Shoebottom,M,dshoebottom72@seesaa.net,+86-542-851-1595,693 Pond Drive
256,Ariel Jedrys,M,ajedrys73@shareasale.com,+996-923-632-9655,3999 Ilene Junction
257,Mal Relton,F,mrelton74@google.com.br,+63-330-272-8991,57 Nancy Street
258,Douglas Skeete,F,dskeete75@cbsnews.com,+86-115-636-5685,492 Fordem Court
259,Benny Ilyenko,F,bilyenko76@google.co.jp,+62-147-366-6832,20399 Muir Drive
260,Crissie Filipowicz,F,cfilipowicz77@last.fm,+233-944-196-6309,87 Caliangt Avenue
261,Eudora Baytrop,M,ebaytrop78@blogtalkradio.com,+1-203-689-0310,9519 Schurz Park
262,Janella Bale,F,jbale79@shinystat.com,+86-204-655-0821,775 Mesta Circle
263,Lissie Ackwood,M,lackwood7a@sohu.com,+86-599-527-8913,561 Columbus Way
264,Caryn Edmonson,F,cedmonson7b@merriam-webster.com,+30-847-346-1107,9 Garrison Drive
265,Nessy Northcote,F,nnorthcote7c@examiner.com,+7-471-327-0474,446 Lakewood Gardens Lane
266,Edward Glaysher,F,eglaysher7d@cisco.com,+82-262-410-9907,50 Anniversary Circle
267,Jeralee Bodycote,F,jbodycote7e@so-net.ne.jp,+34-251-325-8717,9161 Dottie Parkway
268,Lurleen Cope,F,lcope7f@shinystat.com,+86-744-126-0135,0792 Saint Paul Terrace
269,Juana Shoulder,F,jshoulder7g@jiathis.com,+86-701-270-3830,99 Bunker Hill Alley
270,Elaina Liddall,F,eliddall7h@accuweather.com,+86-890-821-8236,0 Bowman Pass
271,Cash Faithorn,F,cfaithorn7i@dailymotion.com,+86-454-996-8550,0790 Scott Road
272,Finley Poizer,M,fpoizer7j@theguardian.com,+93-249-581-2156,26906 Jana Junction
273,Pattie Norwich,M,pnorwich7k@oaic.gov.au,+84-310-986-0397,2696 Johnson Park
274,Darcee Oganesian,F,doganesian7l@youku.com,+358-947-227-8625,6 Goodland Trail
275,Lorena Lafrentz,F,llafrentz7m@smh.com.au,+55-268-337-3012,562 Sauthoff Park
276,Carlen Habishaw,M,chabishaw7n@pen.io,+46-142-612-6981,19 Cherokee Court
277,Tine Kenen,F,tkenen7o@yelp.com,+86-439-662-1267,286 Michigan Lane
278,Darby Sheircliffe,F,dsheircliffe7p@ehow.com,+63-284-950-6395,15 New Castle Court
279,Toddy Bourrel,M,tbourrel7q@samsung.com,+856-111-931-5708,4499 Dawn Crossing
280,Nelli Chesshire,M,nchesshire7r@jugem.jp,+86-835-520-6950,41519 Mariners Cove Street
281,Marcella Miklem,F,mmiklem7s@examiner.com,+86-430-564-6650,0226 Ronald Regan Trail
282,Kylie MacDonell,M,kmacdonell7t@edublogs.org,+7-954-238-8797,05 Melby Center
283,Hayley Abrahim,M,habrahim7u@plala.or.jp,+48-910-634-8882,2168 Browning Circle
284,Suzann Ciccetti,F,sciccetti7v@hao123.com,+420-443-484-5609,47074 Oriole Terrace
285,Natale Lamblot,M,nlamblot7w@joomla.org,+420-275-957-8740,59 Garrison Alley
286,Nola Antonopoulos,M,nantonopoulos7x@columbia.edu,+62-484-477-4414,15 Oriole Place
287,Lynette Rushmere,M,lrushmere7y@twitpic.com,+63-610-605-0626,8758 Larry Court
288,Paloma Alwood,M,palwood7z@shareasale.com,+423-811-614-6622,8014 Loomis Avenue
289,Daffy Smalridge,F,dsmalridge80@illinois.edu,+234-132-111-2276,916 Thompson Avenue
290,Fifine Rosser,F,frosser81@arizona.edu,+63-499-344-4984,5 Talmadge Hill
291,Joline Buggy,M,jbuggy82@aboutads.info,+86-299-251-8714,20 Westend Court
292,Barnabas Klarzynski,F,bklarzynski83@admin.ch,+81-390-472-0078,56 6th Lane
293,Trev Ferrieroi,M,tferrieroi84@sogou.com,+66-284-757-0403,7677 Cottonwood Terrace
294,Deeyn Gores,F,dgores85@wufoo.com,+62-960-762-5387,7 Ryan Road
295,Agosto Streetley,M,astreetley86@examiner.com,+62-557-887-0597,58 Eastwood Park
296,Rivy Worthy,F,rworthy87@pen.io,+86-957-767-9579,455 Talisman Street
297,Marita Bowser,F,mbowser88@msu.edu,+381-634-607-0279,48970 Dapin Court
298,Dale Adel,M,dadel89@mtv.com,+255-220-325-2063,147 Macpherson Road
299,Chance Sandifer,M,csandifer8a@forbes.com,+237-950-846-7515,45304 Paget Court
300,Bax Fownes,M,bfownes8b@guardian.co.uk,+593-311-531-1272,37 Shasta Lane
301,Padriac Tregonna,M,ptregonna8c@storify.com,+86-153-136-0346,6540 Lillian Terrace
302,Toby Jakubovics,F,tjakubovics8d@huffingtonpost.com,+381-923-760-6189,28 Porter Way
303,Will Birchill,F,wbirchill8e@jimdo.com,+86-840-915-9026,7 Milwaukee Terrace
304,Cynde Croson,F,ccroson8f@house.gov,+86-575-859-0473,12 David Drive
305,Clark Scholes,M,cscholes8g@hp.com,+420-603-640-0148,37 Morningstar Court
306,Gareth Pedri,F,gpedri8h@senate.gov,+967-674-100-3362,702 Sachs Alley
307,Kevon Sahlstrom,F,ksahlstrom8i@goo.gl,+62-149-209-9277,246 Muir Road
308,Ashlin Sowrey,M,asowrey8j@paginegialle.it,+33-758-335-2029,306 Eastlawn Way
309,Herrick Normanton,F,hnormanton8k@illinois.edu,+86-583-483-0553,5 Sutherland Park
310,Win Rappa,M,wrappa8l@yolasite.com,+1-571-928-8576,252 Meadow Ridge Avenue
311,Salli Deakes,M,sdeakes8m@1688.com,+62-512-290-7297,106 Johnson Court
312,Loren August,M,laugust8n@123-reg.co.uk,+86-908-319-7222,64245 Bunker Hill Pass
313,Paulina Poor,F,ppoor8o@nbcnews.com,+57-970-874-2635,69705 Stoughton Junction
314,Hollie Boch,F,hboch8p@guardian.co.uk,+264-248-971-2353,27 Fordem Plaza
315,Irene Howis,M,ihowis8q@last.fm,+7-689-860-9121,5267 Bultman Court
316,Fidole Partkya,F,fpartkya8r@ed.gov,+57-958-395-3375,384 Arkansas Drive
317,Libbey Anfonsi,F,lanfonsi8s@disqus.com,+33-868-637-9995,40 Valley Edge Drive
318,Glori Furnell,F,gfurnell8t@themeforest.net,+98-192-414-1095,333 Steensland Way
319,Lionel Kamiyama,M,lkamiyama8u@tripadvisor.com,+62-988-553-0752,3 Gerald Court
320,Sarita Sturmey,M,ssturmey8v@google.ru,+7-781-859-0777,667 Farmco Lane
321,Flor Ramshay,F,framshay8w@sourceforge.net,+66-163-764-2282,578 Arrowood Hill
322,Wald Provis,F,wprovis8x@g.co,+86-509-137-6578,581 Steensland Terrace
323,Rudolfo Burner,M,rburner8y@1688.com,+507-520-790-3665,78 Namekagon Point
324,Jefferey Farry,M,jfarry8z@nasa.gov,+375-577-639-0508,9939 Shopko Court
325,Gibby Negus,M,gnegus90@ftc.gov,+86-407-869-1827,75 Dennis Pass
326,Cord Stroder,M,cstroder91@deviantart.com,+963-514-693-6519,45791 Talmadge Center
327,Cherice Glassard,M,cglassard92@sun.com,+86-473-822-8590,28 Golf Terrace
328,Rosalia Roskrug,M,rroskrug93@histats.com,+86-683-383-7948,23740 Hagan Way
329,Yance McCallion,F,ymccallion94@phoca.cz,+86-181-269-2926,66986 Columbus Junction
330,Abel Anders,M,aanders95@bloglines.com,+86-120-504-8771,77606 Vera Pass
331,Brady Dufaire,F,bdufaire96@purevolume.com,+86-975-746-8417,65220 Arizona Court
332,Lena Joinsey,F,ljoinsey97@desdev.cn,+51-292-219-3892,34048 American Place
333,Cordie Lailey,F,clailey98@pcworld.com,+53-458-669-3584,9868 Dryden Trail
334,Robbin Loney,M,rloney99@wikispaces.com,+86-294-619-2427,0343 Dayton Point
335,Krystalle Monkley,M,kmonkley9a@marriott.com,+54-833-396-8043,667 Montana Lane
336,Bette Pauluzzi,F,bpauluzzi9b@msu.edu,+502-323-839-5465,3553 Pond Place
337,Rayna Cayley,M,rcayley9c@cnet.com,+86-477-914-0445,30 Clove Center
338,Torry Priestman,M,tpriestman9d@scribd.com,+976-173-700-6920,5955 Forest Dale Road
339,Abra Baigent,M,abaigent9e@smh.com.au,+420-284-599-3660,890 Lunder Place
340,Ericha Francisco,F,efrancisco9f@furl.net,+84-541-873-1469,4312 Graceland Street
341,Quintina Waterhouse,M,qwaterhouse9g@baidu.com,+359-814-374-2129,79 Novick Hill
342,Hilde Whitebrook,F,hwhitebrook9h@ustream.tv,+62-997-596-2689,55 Southridge Point
343,Trenna MacDaid,M,tmacdaid9i@boston.com,+86-502-461-8663,2 Saint Paul Pass
344,Gage Vinton,M,gvinton9j@cbc.ca,+389-992-732-4830,10 Nancy Pass
345,Ynez Benford,M,ybenford9k@naver.com,+62-470-254-2437,2 Dunning Point
346,Hewet Appleton,M,happleton9l@opensource.org,+62-262-348-5202,3 Artisan Street
347,Ariella Matonin,M,amatonin9m@1688.com,+7-907-348-7425,1362 Sullivan Plaza
348,Brian Cashen,M,bcashen9n@gov.uk,+351-196-936-1127,49762 Hoffman Way
349,Jeana Exrol,F,jexrol9o@cmu.edu,+62-272-449-6818,71 Mitchell Center
350,Kenn Gallon,F,kgallon9p@google.de,+351-319-896-7098,87 Mifflin Trail
351,Vally Ferrucci,M,vferrucci9q@uol.com.br,+81-988-369-0597,1903 Logan Street
352,Bailie Burkill,F,bburkill9r@example.com,+86-597-339-5447,72 North Hill
353,Karlens Hagwood,M,khagwood9s@infoseek.co.jp,+84-771-641-5646,4294 Fairview Point
354,Berty Coppo,F,bcoppo9t@artisteer.com,+386-297-152-4616,0 Waywood Place
355,Peggie Greguol,M,pgreguol9u@infoseek.co.jp,+54-511-227-0591,96062 Hovde Point
356,Donaugh Gietz,M,dgietz9v@reuters.com,+86-874-584-2716,8854 Fordem Place
357,Julee Norkett,F,jnorkett9w@hud.gov,+235-487-373-0021,53 Heath Trail
358,Kippie Baiss,M,kbaiss9x@symantec.com,+7-688-225-8993,187 Hansons Drive
359,Valencia Swift,M,vswift9y@bbb.org,+86-287-662-8430,975 Doe Crossing Point
360,Carney Leathers,M,cleathers9z@tiny.cc,+63-478-310-6294,6 Huxley Lane
361,Melloney Bau,M,mbaua0@1und1.de,+86-627-856-5876,96 Carey Pass
362,Valeda Staddom,M,vstaddoma1@photobucket.com,+66-513-805-7241,635 Walton Way
363,Chery Hillyatt,M,chillyatta2@cpanel.net,+1-824-263-8748,11 Bluejay Drive
364,Kirstin Veale,F,kvealea3@wp.com,+62-864-488-7154,07 Blackbird Point
365,Maxie Grugerr,F,mgrugerra4@squidoo.com,+62-888-747-2170,0651 Manley Crossing
366,Killian Eatttok,F,keatttoka5@sourceforge.net,+7-789-235-8438,0757 Hermina Pass
367,Marwin Trevett,M,mtrevetta6@github.io,+86-595-341-6320,24 Chive Drive
368,Candice Sterre,F,csterrea7@woothemes.com,+30-382-239-5896,3079 Sauthoff Way
369,Fidelity Weatherall,M,fweatheralla8@so-net.ne.jp,+52-631-673-8153,12601 Hallows Court
370,Dalis Margach,F,dmargacha9@slideshare.net,+357-679-241-2055,42 Heffernan Avenue
371,Rona Breede,M,rbreedeaa@jigsy.com,+374-211-325-7578,25 4th Lane
372,Lexi Topes,F,ltopesab@noaa.gov,+81-639-868-0090,5870 Division Street
373,Malena Coomes,F,mcoomesac@networksolutions.com,+1-253-666-6784,04 Summit Park
374,Gerard Plewright,F,gplewrightad@aboutads.info,+48-990-630-9923,56304 Nancy Plaza
375,Weston Sherrington,M,wsherringtonae@amazon.co.jp,+63-403-856-5873,4076 Gulseth Park
376,Delano Sibthorp,M,dsibthorpaf@w3.org,+62-967-159-7382,38192 La Follette Trail
377,Vaughn Wye,M,vwyeag@omniture.com,+63-227-464-3736,9388 Mallard Parkway
378,Conrade Muccino,F,cmuccinoah@vimeo.com,+86-199-742-4785,99328 6th Way
379,Mic Barlace,F,mbarlaceai@sciencedirect.com,+82-958-615-9078,03 Brickson Park Crossing
380,Minda Rowan,F,mrowanaj@dot.gov,+52-293-239-9558,3607 Summerview Avenue
381,Kalil Swinford,F,kswinfordak@un.org,+39-654-444-4746,85 Ohio Crossing
382,Loise Foskew,M,lfoskewal@ehow.com,+86-992-323-3288,1 8th Drive
383,Emilia Bruckent,F,ebruckentam@zimbio.com,+7-330-145-2425,3286 Veith Circle
384,Cicely Glas,M,cglasan@howstuffworks.com,+86-884-793-2458,5 New Castle Lane
385,Burch Hutson,M,bhutsonao@artisteer.com,+62-789-216-0357,093 Memorial Circle
386,Harman Ayshford,M,hayshfordap@wikipedia.org,+86-400-228-4929,75871 Nevada Road
387,Quincy Light,M,qlightaq@spotify.com,+380-677-576-1185,11430 Mccormick Place
388,Paulina Jerdein,F,pjerdeinar@bbb.org,+86-799-545-7650,90 Thierer Street
389,Rivkah Mannock,F,rmannockas@mozilla.com,+86-336-156-7358,211 Hoffman Parkway
390,Bronnie Symcoxe,M,bsymcoxeat@columbia.edu,+420-471-147-9159,366 Glendale Terrace
391,Thorn McDuffy,F,tmcduffyau@globo.com,+972-610-204-2528,229 Bobwhite Circle
392,Berenice Brakewell,F,bbrakewellav@huffingtonpost.com,+86-768-198-5991,384 Fairview Court
393,Hillyer Cordet,F,hcordetaw@jimdo.com,+7-786-631-5502,8 Grim Street
394,Louisette Beceril,F,lbecerilax@prnewswire.com,+86-873-208-0337,56216 3rd Hill
395,Malchy Rutter,M,mrutteray@usatoday.com,+880-130-149-5549,7 Harbort Lane
396,Hartley Galiero,F,hgalieroaz@hubpages.com,+234-285-427-5251,411 Warner Drive
397,Brooke Hallgath,F,bhallgathb0@jimdo.com,+237-953-745-5525,847 Mallory Junction
398,Uriel Elsip,F,uelsipb1@ameblo.jp,+351-336-925-9325,389 Autumn Leaf Pass
399,David Trevor,M,dtrevorb2@upenn.edu,+62-945-576-4408,8 Homewood Point
400,Dory Golly,F,dgollyb3@moonfruit.com,+502-255-990-8485,76562 Jana Way
401,Northrop Shulem,M,nshulemb4@unc.edu,+420-965-765-9638,11230 Alpine Hill
402,Adi Sauvan,F,asauvanb5@nasa.gov,+60-980-318-7578,87 Briar Crest Pass
403,Kingsly Sicely,M,ksicelyb6@irs.gov,+63-203-825-5029,263 Fisk Parkway
404,Mikey Schrei,F,mschreib7@merriam-webster.com,+351-386-690-9993,03 Artisan Center
405,Norby Grane,F,ngraneb8@boston.com,+55-551-132-8261,310 Sundown Plaza
406,Paulie Caulton,M,pcaultonb9@slideshare.net,+62-151-805-3003,18522 Daystar Avenue
407,Prinz Knok,F,pknokba@youtube.com,+380-312-230-6675,266 Summer Ridge Pass
408,Berni Ahrenius,F,bahreniusbb@domainmarket.com,+62-750-946-5100,8 Memorial Alley
409,Lyn Rixon,F,lrixonbc@msn.com,+86-158-751-1428,19 Bobwhite Pass
410,Misty Brodest,M,mbrodestbd@dyndns.org,+7-977-246-5892,41141 Eastlawn Junction
411,Thia Witherop,F,twitheropbe@hatena.ne.jp,+54-867-500-7627,2268 High Crossing Alley
412,Hal Amerighi,F,hamerighibf@answers.com,+249-480-876-8739,23005 Katie Avenue
413,Flss Vautrey,M,fvautreybg@wufoo.com,+48-534-470-6134,40713 Northland Alley
414,Livy Seefus,M,lseefusbh@mayoclinic.com,+420-878-719-5965,0996 Muir Terrace
415,Rene Bromley,F,rbromleybi@businessweek.com,+48-351-634-2036,1015 Bellgrove Crossing
416,Anastasie Byars,M,abyarsbj@howstuffworks.com,+63-497-462-3263,85464 Parkside Pass
417,Cleveland Cuell,F,ccuellbk@topsy.com,+62-784-744-9123,8600 Fisk Street
418,Lia Casperri,M,lcasperribl@meetup.com,+967-198-586-0568,032 Bobwhite Street
419,Ambur Welfair,M,awelfairbm@harvard.edu,+351-556-576-9616,8837 Fieldstone Avenue
420,Guinevere Isakovitch,M,gisakovitchbn@vinaora.com,+63-805-479-7872,1 Sutteridge Crossing
421,Linea Crush,M,lcrushbo@unblog.fr,+1-408-456-2832,594 Calypso Point
422,Damian Strang,M,dstrangbp@ft.com,+374-378-539-3534,20 Muir Road
423,Ursola Tompsett,F,utompsettbq@cdbaby.com,+30-182-406-5436,74786 Bartelt Park
424,Scarface Middlemass,F,smiddlemassbr@pen.io,+54-885-825-2938,128 Goodland Lane
425,Zuzana Soper,F,zsoperbs@weebly.com,+359-743-307-1583,4628 Jay Junction
426,Had Moyes,M,hmoyesbt@epa.gov,+81-478-133-0296,8149 Mcbride Road
427,Abdel Edgson,M,aedgsonbu@biblegateway.com,+86-650-485-1276,31 Annamark Court
428,Jake Neads,F,jneadsbv@sourceforge.net,+60-733-490-1519,852 Ruskin Plaza
429,Winona Clerke,F,wclerkebw@cam.ac.uk,+46-648-531-4883,3 Shopko Trail
430,Natividad Summerson,F,nsummersonbx@blogger.com,+63-510-428-8990,20162 Judy Point
431,Abbie Wherrett,M,awherrettby@myspace.com,+52-466-105-0920,093 Redwing Street
432,Elwyn Cheesman,M,echeesmanbz@goodreads.com,+351-100-168-0361,8754 Tony Avenue
433,Gayelord Liveley,F,gliveleyc0@is.gd,+1-718-219-0524,45621 Colorado Crossing
434,William Tuxell,F,wtuxellc1@sourceforge.net,+1-904-120-6259,093 Lawn Lane
435,Phineas Thornhill,M,pthornhillc2@hatena.ne.jp,+86-654-768-9016,7428 Laurel Terrace
436,Giffy Fern,M,gfernc3@nhs.uk,+63-517-720-4612,362 Vernon Drive
437,Nonna De Hoogh,F,ndec4@theguardian.com,+996-815-383-0205,07 Forster Parkway
438,Sharyl Filippyev,F,sfilippyevc5@springer.com,+33-836-266-3100,4844 Service Lane
439,Ardelle Brightling,M,abrightlingc6@drupal.org,+7-169-503-6977,51961 Cordelia Circle
440,Cornie Gwyther,M,cgwytherc7@europa.eu,+7-907-710-5169,6 American Point
441,Jenn Haime,F,jhaimec8@xing.com,+57-401-862-2852,35 Huxley Circle
442,Helaina Cowton,F,hcowtonc9@marketwatch.com,+86-736-396-5191,152 Meadow Valley Junction
443,Clayton Farncomb,F,cfarncombca@pbs.org,+66-645-782-3166,72 Ramsey Plaza
444,Kimble O'Cridigan,M,kocridigancb@cnbc.com,+420-652-715-5472,2070 Sunbrook Parkway
445,Fayth Kingwell,F,fkingwellcc@bluehost.com,+7-447-474-3013,456 Myrtle Plaza
446,Oralia Baynham,M,obaynhamcd@163.com,+62-933-324-1057,97 Dawn Crossing
447,Reid Riccardelli,F,rriccardellice@uiuc.edu,+965-257-797-2557,29 Summit Point
448,Lorenzo Kardos-Stowe,F,lkardosstowecf@google.de,+92-328-173-8403,49840 Barby Parkway
449,Jacenta Scowcroft,F,jscowcroftcg@mapy.cz,+58-470-698-1494,01 Talisman Center
450,Selie Beadle,M,sbeadlech@amazon.co.jp,+7-442-120-9010,7 Darwin Avenue
451,Jeremy Swidenbank,F,jswidenbankci@icq.com,+47-650-959-6083,21 Loftsgordon Road
452,Diandra Jennison,M,djennisoncj@constantcontact.com,+86-229-546-4351,773 Bartillon Drive
453,Hetti Lobley,F,hlobleyck@virginia.edu,+420-733-528-2720,6033 Eagan Parkway
454,Fredi Courvert,M,fcourvertcl@oakley.com,+1-592-121-9564,7 Fieldstone Road
455,Marj Schimke,M,mschimkecm@webeden.co.uk,+60-732-346-3937,88 Jenna Alley
456,Fremont Burdell,M,fburdellcn@whitehouse.gov,+86-459-925-7195,8 Buena Vista Lane
457,Gustavo Jennaway,M,gjennawayco@twitter.com,+374-521-262-8226,1 Lillian Pass
458,Witty Yeaman,F,wyeamancp@google.co.uk,+46-195-448-6738,48261 Magdeline Trail
459,Rollin Haselden,M,rhaseldencq@yellowpages.com,+7-426-233-3703,5 Del Mar Court
460,Hadlee Darbyshire,M,hdarbyshirecr@reddit.com,+256-479-409-1583,6553 Eagan Trail
461,Dorelle Scally,F,dscallycs@ezinearticles.com,+1-677-700-7113,3391 Schlimgen Hill
462,Constantia Pfaffe,M,cpfaffect@tripod.com,+502-430-129-1949,6779 Brentwood Pass
463,Lana Lawden,M,llawdencu@columbia.edu,+81-522-512-5989,8 Dottie Drive
464,Dayna Leroux,F,dlerouxcv@phoca.cz,+55-634-299-3831,6609 Veith Junction
465,Estelle Segot,F,esegotcw@scientificamerican.com,+63-361-119-1150,098 Bunker Hill Plaza
466,Edita Duggary,F,eduggarycx@nasa.gov,+358-730-381-8185,20 Clove Crossing
467,Antonino Deverill,M,adeverillcy@google.com.au,+972-187-452-3614,2820 Artisan Pass
468,Conn Bennedick,F,cbennedickcz@bizjournals.com,+51-475-220-9657,819 Carpenter Hill
469,Vernice Daice,M,vdaiced0@mapquest.com,+7-433-378-8737,09 Moulton Trail
470,Gonzales Houndson,M,ghoundsond1@cnbc.com,+86-713-964-6127,03000 Starling Street
471,Lissi Rushbrook,F,lrushbrookd2@scribd.com,+62-406-291-8614,23 Fisk Circle
472,Val Cymper,F,vcymperd3@livejournal.com,+33-330-177-2310,4 Sundown Center
473,George Minchenton,F,gminchentond4@blogs.com,+972-225-253-3689,68323 Old Shore Trail
474,Irwin Chidzoy,M,ichidzoyd5@dion.ne.jp,+996-678-231-7623,3 Glacier Hill Pass
475,Robbert Hauch,F,rhauchd6@nifty.com,+48-332-827-9497,1 Drewry Hill
476,Corene Tighe,M,ctighed7@homestead.com,+502-405-887-3413,0 Barby Pass
477,Alisander Marshal,M,amarshald8@vk.com,+62-910-933-6720,5068 Karstens Park
478,Berna Flintoffe,F,bflintoffed9@free.fr,+49-811-286-2159,23 Annamark Lane
479,Erek Tithacott,F,etithacottda@slate.com,+86-543-602-6955,300 Village Green Parkway
480,Ashla Cudmore,F,acudmoredb@independent.co.uk,+63-642-383-6435,263 Pierstorff Drive
481,Lynea Tidman,F,ltidmandc@ocn.ne.jp,+1-414-724-9028,2557 Duke Drive
482,Kiah Arnaudi,M,karnaudidd@admin.ch,+86-281-288-2281,43 6th Court
483,Baron Dark,M,bdarkde@miibeian.gov.cn,+62-645-819-7689,05529 Fairfield Crossing
484,Jyoti Tutchings,M,jtutchingsdf@rediff.com,+351-289-981-5906,33294 Brown Circle
485,Lemmy Pennazzi,M,lpennazzidg@youtu.be,+66-457-170-0442,24624 Scofield Road
486,Dulsea Kneal,F,dknealdh@europa.eu,+30-938-801-9083,60776 Schlimgen Alley
487,Ofelia Feldberg,F,ofeldbergdi@youku.com,+1-941-357-1477,2762 Springs Park
488,Bordy Pixton,M,bpixtondj@addthis.com,+262-542-883-1836,5 Buell Point
489,Raina Brend,M,rbrenddk@ebay.com,+62-824-218-7076,16 Loomis Pass
490,Cal Bartolomeu,F,cbartolomeudl@bravesites.com,+33-985-876-8204,25 Havey Avenue
491,Euell Bierman,F,ebiermandm@merriam-webster.com,+33-843-261-1534,30 Darwin Place
492,Dag Tellenbroker,M,dtellenbrokerdn@goo.ne.jp,+54-765-491-4206,7608 Prairie Rose Road
493,Randi Birrell,M,rbirrelldo@latimes.com,+63-139-940-7139,070 Onsgard Park
494,Garv Cornfield,M,gcornfielddp@list-manage.com,+55-335-561-9637,0 Susan Terrace
495,Violette Kohring,F,vkohringdq@desdev.cn,+86-428-530-4792,95903 Talisman Alley
496,Lark Dales,M,ldalesdr@omniture.com,+86-524-646-0619,58 Clarendon Center
497,Odella Connold,M,oconnoldds@wp.com,+1-166-327-2729,2 Lighthouse Bay Park
498,Nata Cartlidge,F,ncartlidgedt@yale.edu,+260-598-905-2337,14556 1st Drive
499,Arleyne Kynoch,M,akynochdu@opensource.org,+381-924-744-3770,44 Warbler Avenue
500,Leopold Ballsdon,F,lballsdondv@cargocollective.com,+63-411-654-1762,83235 Hallows Drive
501,Ana Knellen,M,aknellendw@fc2.com,+62-657-472-5327,54859 International Circle
502,Trenna Matas,F,tmatasdx@theatlantic.com,+66-667-409-2110,8312 Truax Court
503,Eleanore Menhenitt,F,emenhenittdy@sciencedirect.com,+375-605-360-8514,95006 Lawn Lane
504,Hamlen Colmore,M,hcolmoredz@paypal.com,+963-394-769-9176,50682 Pierstorff Pass
505,Jaquenette Wagner,M,jwagnere0@redcross.org,+86-805-818-9185,15 Merchant Plaza
506,Levey McCarthy,F,lmccarthye1@g.co,+55-393-843-6761,168 1st Hill
507,Chaddy Littleton,M,clittletone2@msu.edu,+86-665-365-9437,4139 Stephen Trail
508,Ailbert Hemphrey,F,ahemphreye3@harvard.edu,+63-621-889-4091,64672 Walton Trail
509,Gawen Shorey,M,gshoreye4@si.edu,+86-973-120-9723,416 Roxbury Hill
510,Cassie Stuchbery,M,cstuchberye5@businessweek.com,+86-436-621-0063,4786 Westridge Trail
511,Christian Emlin,F,cemline6@wp.com,+86-423-357-9648,5 Village Green Road
512,Marietta Itzhak,M,mitzhake7@csmonitor.com,+86-478-340-7148,86 Dahle Court
513,Pippo Atger,F,patgere8@theglobeandmail.com,+62-142-183-7439,1 Everett Street
514,Kellsie Costley,M,kcostleye9@sun.com,+1-530-113-2776,5356 Everett Trail
515,Clementina Dinse,F,cdinseea@miitbeian.gov.cn,+86-230-323-6315,4 Autumn Leaf Pass
516,Ame Truse,M,atruseeb@independent.co.uk,+86-187-657-1644,87 Norway Maple Center
517,Deana Woods,F,dwoodsec@hexun.com,+964-628-103-7951,77 Becker Center
518,Karlen Redhouse,M,kredhouseed@deviantart.com,+86-897-709-2906,1705 Westend Park
519,Kort Wheelan,M,kwheelanee@taobao.com,+48-675-603-2376,1 Menomonie Place
520,Venus Hogbourne,F,vhogbourneef@weebly.com,+7-796-400-1980,776 East Point
521,Northrup Mateescu,M,nmateescueg@digg.com,+380-136-116-3178,95793 Declaration Place
522,Nappy Forde,M,nfordeeh@123-reg.co.uk,+375-121-363-1402,699 Buhler Drive
523,Ursola Bugbee,M,ubugbeeei@123-reg.co.uk,+63-474-444-9281,8 Vidon Crossing
524,Demetria Thurske,F,dthurskeej@loc.gov,+84-864-373-0856,90686 Lotheville Alley
525,Maighdiln Ragate,F,mragateek@furl.net,+55-239-382-3876,04305 Holy Cross Road
526,Kerri Meeke,F,kmeekeel@domainmarket.com,+48-555-896-6178,21 Hazelcrest Point
527,Deni Hodcroft,F,dhodcroftem@archive.org,+1-405-219-2752,7060 Montana Pass
528,Ashby Dufoure,M,adufoureen@discovery.com,+381-446-680-2802,4 Aberg Circle
529,Eddy Gawne,M,egawneeo@comsenz.com,+62-188-918-3358,2 4th Terrace
530,Ximenes Geist,M,xgeistep@amazon.de,+30-585-813-9944,99529 Maple Trail
531,Greggory Savoury,M,gsavouryeq@1688.com,+7-919-321-5041,6568 Arrowood Terrace
532,Gardener Ordidge,M,gordidgeer@moonfruit.com,+7-652-106-5600,2038 Del Sol Pass
533,Seth Punchard,F,spunchardes@cbc.ca,+48-542-492-7292,5063 Leroy Junction
534,Lisetta Preist,M,lpreistet@jugem.jp,+51-406-657-1607,7489 International Pass
535,Gerek Maharg,F,gmahargeu@thetimes.co.uk,+1-515-239-0757,5 Darwin Place
536,Osbert Ivory,F,oivoryev@nasa.gov,+355-354-869-2115,354 Coolidge Place
537,Broddy Sigfrid,M,bsigfridew@i2i.jp,+55-268-154-6155,269 Loomis Pass
538,Mora Edridge,F,medridgeex@sfgate.com,+86-399-429-0684,9 Oxford Alley
539,Neile Schubuser,M,nschubuserey@github.com,+7-888-671-2869,9 Stephen Road
540,Iggie Ginman,M,iginmanez@themeforest.net,+420-546-969-5984,29 Mayfield Place
541,Jasmine Preskett,F,jpreskettf0@dedecms.com,+63-555-725-0821,100 Graedel Road
542,Joshuah Piscopello,M,jpiscopellof1@reverbnation.com,+27-941-103-1453,793 Boyd Drive
543,Bartram Toolan,F,btoolanf2@simplemachines.org,+86-849-547-4620,60506 Dexter Pass
544,Mackenzie Ainsby,M,mainsbyf3@feedburner.com,+54-715-963-4612,2210 Eagle Crest Park
545,Rudd Cosford,M,rcosfordf4@trellian.com,+33-366-360-5361,77137 Spaight Circle
546,Morry Orneles,F,mornelesf5@psu.edu,+86-965-778-6719,314 Armistice Street
547,Henry Muckle,F,hmucklef6@yellowpages.com,+212-309-520-8656,55627 Kings Park
548,Barbie Priscott,M,bpriscottf7@php.net,+351-300-965-9122,3 Lake View Crossing
549,Ally Bacchus,M,abacchusf8@eepurl.com,+48-168-956-5719,4631 Loftsgordon Trail
550,Shane Courson,F,scoursonf9@nsw.gov.au,+420-339-868-9198,995 Mayer Avenue
551,Fair Gullick,F,fgullickfa@myspace.com,+48-228-304-9985,6 Sachs Point
552,Pierson Mochan,F,pmochanfb@jiathis.com,+502-531-731-9890,2263 Leroy Drive
553,Herbert Liepins,F,hliepinsfc@amazon.com,+86-548-108-8736,13756 Merry Trail
554,Fitz Gavigan,F,fgaviganfd@domainmarket.com,+254-554-480-0317,1 Swallow Junction
555,Angelita Wollaston,F,awollastonfe@hc360.com,+351-418-181-9402,466 5th Pass
556,Dasha Edis,M,dedisff@yellowbook.com,+86-645-791-8168,7852 Pine View Center
557,Louie McGunley,F,lmcgunleyfg@samsung.com,+1-412-738-4739,0 Pierstorff Parkway
558,Byram Styles,F,bstylesfh@ed.gov,+44-749-647-4658,982 Debs Parkway
559,Lynea Shilleto,F,lshilletofi@pinterest.com,+49-480-265-3606,879 Dorton Center
560,Karlene Wheeler,M,kwheelerfj@hatena.ne.jp,+46-422-494-3540,1069 Farwell Court
561,Rasla Pond,M,rpondfk@cmu.edu,+386-852-344-0756,02 Canary Park
562,Yard Bird,M,ybirdfl@uiuc.edu,+62-604-105-7158,2 Bowman Drive
563,Ricoriki Jaycox,M,rjaycoxfm@twitter.com,+62-715-304-5162,65 Caliangt Road
564,Perren Snowman,M,psnowmanfn@scientificamerican.com,+351-584-491-9868,3979 Grayhawk Point
565,Lorens Blemings,F,lblemingsfo@prnewswire.com,+33-618-628-1602,037 Welch Trail
566,Lorne Jocelyn,F,ljocelynfp@seesaa.net,+351-766-356-2651,9029 Basil Lane
567,Braden Daunter,M,bdaunterfq@eepurl.com,+505-703-423-5241,35 Waxwing Road
568,Avril Lawful,M,alawfulfr@blog.com,+386-771-894-7148,104 Melby Pass
569,Forrester Burthom,M,fburthomfs@soundcloud.com,+86-701-236-2065,68 American Place
570,Carole Thebe,F,cthebeft@cbslocal.com,+675-749-783-0705,03900 Brown Park
571,Kesley Dederich,M,kdederichfu@army.mil,+33-554-979-6775,69 Maple Wood Crossing
572,Lexi Aberkirder,M,laberkirderfv@joomla.org,+7-717-671-0074,5938 Clove Trail
573,Garreth Tetford,F,gtetfordfw@amazon.com,+63-548-937-2269,239 Calypso Junction
574,Kristyn Micklewicz,F,kmicklewiczfx@ifeng.com,+55-130-265-3677,31085 Thackeray Street
575,Donovan D'Aeth,M,ddaethfy@sitemeter.com,+62-727-213-9797,652 Dakota Plaza
576,Nehemiah Congrave,M,ncongravefz@nature.com,+351-270-147-4587,8 Clarendon Circle
577,Terri Blaydes,M,tblaydesg0@narod.ru,+86-659-638-1453,95201 Florence Junction
578,Maxi Python,F,mpythong1@narod.ru,+595-140-218-7276,14 Mccormick Trail
579,Blair Castagnasso,M,bcastagnassog2@rediff.com,+63-618-409-8822,5 Reinke Road
580,Bonnie Giacopini,F,bgiacopinig3@comsenz.com,+7-951-846-5806,99854 Dennis Way
581,Traver Picard,M,tpicardg4@sakura.ne.jp,+1-941-551-5837,887 Doe Crossing Center
582,Lani Kilfeder,M,lkilfederg5@berkeley.edu,+351-938-535-3529,77234 Mockingbird Crossing
583,Spike Fairrie,F,sfairrieg6@sbwire.com,+62-440-647-3682,78 Rieder Circle
584,Clem Levison,F,clevisong7@senate.gov,+371-898-910-0369,4 Bartelt Road
585,Hoebart Kearns,F,hkearnsg8@skyrock.com,+351-289-649-7179,76 Quincy Plaza
586,Carolee Lidgerton,F,clidgertong9@ning.com,+55-582-507-5764,11 Chive Road
587,Moshe Vain,F,mvainga@bing.com,+355-668-614-1037,23052 Butterfield Drive
588,Renie Winterburn,M,rwinterburngb@hexun.com,+51-485-622-0796,7 Orin Plaza
589,Godiva Quarterman,M,gquartermangc@hud.gov,+351-463-775-2601,803 Iowa Court
590,Elden Scurrell,M,escurrellgd@netscape.com,+855-437-154-7672,605 Grover Drive
591,Melanie Reynold,M,mreynoldge@baidu.com,+351-410-285-8730,518 Iowa Terrace
592,Jaquelyn Penni,M,jpennigf@xing.com,+63-108-767-2597,3778 Vera Lane
593,Gery Hotton,F,ghottongg@redcross.org,+63-336-996-7145,196 Vera Trail
594,Genevra McRory,F,gmcrorygh@blogger.com,+48-551-536-5793,28641 Reinke Center
595,Barbara-anne Quixley,F,bquixleygi@ifeng.com,+967-598-305-4161,5127 Stoughton Plaza
596,Colline Noorwood,M,cnoorwoodgj@mac.com,+62-130-840-8249,948 Heath Junction
597,Teriann Mouton,M,tmoutongk@hp.com,+46-475-628-1730,67 Lake View Way
598,Boigie Spraggs,M,bspraggsgl@example.com,+7-547-380-4849,11980 Packers Drive
599,Klarrisa Ferrarese,M,kferraresegm@slideshare.net,+46-696-305-7005,7465 Jay Court
600,Boy Topper,M,btoppergn@auda.org.au,+86-304-674-7480,4945 Monument Junction
601,Johnette Szach,F,jszachgo@dedecms.com,+228-104-851-4614,683 Corscot Parkway
602,Chester Weeks,M,cweeksgp@is.gd,+355-315-661-8652,3817 Glendale Road
603,Allyson Cicconettii,F,acicconettiigq@gnu.org,+378-786-157-6986,85806 Surrey Drive
604,Tedmund Figgs,M,tfiggsgr@examiner.com,+380-375-130-0574,48 Rockefeller Junction
605,Gaynor Ibbeson,F,gibbesongs@smh.com.au,+7-370-626-5257,7778 Michigan Lane
606,Gwyn Churchill,M,gchurchillgt@buzzfeed.com,+86-225-964-8436,502 West Center
607,Shell Earney,F,searneygu@artisteer.com,+1-439-874-4815,804 Farwell Road
608,Raul Guarnier,M,rguarniergv@wikipedia.org,+46-926-137-7788,1545 Pleasure Drive
609,Hattie Curwen,M,hcurwengw@chicagotribune.com,+81-245-153-0746,6808 American Ash Drive
610,Evangeline Hame,M,ehamegx@domainmarket.com,+850-156-996-7385,0 Loeprich Plaza
611,Dalston Biaggiotti,F,dbiaggiottigy@stumbleupon.com,+86-784-148-4352,9 Fallview Alley
612,Chrissy Brimfield,M,cbrimfieldgz@csmonitor.com,+385-518-832-5807,672 Menomonie Hill
613,Chaddy Marte,M,cmarteh0@1688.com,+967-311-217-8087,5784 Pierstorff Place
614,Rosmunda Senett,F,rsenetth1@youtube.com,+62-119-643-7229,51192 Prentice Court
615,Jessey McGown,M,jmcgownh2@de.vu,+63-339-622-6114,386 Northview Drive
616,Violante Nutbeam,F,vnutbeamh3@360.cn,+62-609-213-8267,64 Florence Junction
617,Eleanore Squeers,F,esqueersh4@utexas.edu,+231-539-623-5296,2174 Fairview Lane
618,Anton Quennell,F,aquennellh5@sciencedaily.com,+51-612-497-2924,76865 Marcy Place
619,Liza Milnthorpe,F,lmilnthorpeh6@wordpress.com,+7-477-908-4383,763 Chive Terrace
620,Yankee Feldmann,F,yfeldmannh7@etsy.com,+86-176-645-6172,1 Dakota Crossing
621,Retha Eicheler,M,reichelerh8@newyorker.com,+46-358-757-5832,18029 Buena Vista Crossing
622,Giraud Caltun,M,gcaltunh9@msn.com,+84-576-628-7287,51116 Hoard Pass
623,Manon Held,M,mheldha@sina.com.cn,+31-318-355-7595,509 Summit Drive
624,Selby Pfeffer,M,spfefferhb@gmpg.org,+66-563-989-4621,3832 Packers Terrace
625,Kerby Royl,F,kroylhc@wordpress.org,+33-863-813-5130,02782 Bowman Way
626,Camilla Thinn,F,cthinnhd@twitpic.com,+1-152-575-7845,09111 Meadow Valley Junction
627,Jacobo Durie,M,jduriehe@blogger.com,+386-588-916-8558,519 Reinke Court
628,Teddie Fountian,F,tfountianhf@illinois.edu,+686-951-804-2935,8659 Helena Avenue
629,Benjamen Tutton,F,btuttonhg@prweb.com,+86-235-423-9779,27772 Fisk Drive
630,Dedie Stokey,F,dstokeyhh@networkadvertising.org,+234-533-433-7911,4 South Alley
631,Derril Pfaffe,F,dpfaffehi@archive.org,+218-709-572-4506,26 Golf View Park
632,Lief McMeekin,F,lmcmeekinhj@opera.com,+7-259-597-3665,7375 Sherman Alley
633,Maris Kippins,M,mkippinshk@psu.edu,+48-395-218-7963,31 Magdeline Pass
634,Ludwig Pick,M,lpickhl@sphinn.com,+51-456-236-9773,276 Waxwing Lane
635,Glenden Tabourin,F,gtabourinhm@ft.com,+592-921-577-2485,7802 Mayer Terrace
636,Gilda Bompas,F,gbompashn@census.gov,+84-384-549-8053,474 Mendota Street
637,Adan Sellor,M,asellorho@upenn.edu,+86-420-188-7456,18661 Tennessee Park
638,Brenna Alwen,F,balwenhp@google.de,+93-725-526-4531,89617 Schmedeman Hill
639,Aurilia Matsell,F,amatsellhq@un.org,+7-814-722-2609,49 Nancy Center
640,Cornelius Shutte,F,cshuttehr@joomla.org,+63-878-585-8955,78 Texas Center
641,Janet Touson,F,jtousonhs@ucla.edu,+63-246-579-0306,5 Luster Parkway
642,Laney Haycroft,F,lhaycroftht@nymag.com,+86-269-388-7657,18140 Banding Trail
643,Gerek Grady,M,ggradyhu@clickbank.net,+51-967-642-5134,02 West Drive
644,Jo-anne Reddan,M,jreddanhv@blogtalkradio.com,+48-639-888-9065,67406 Forster Way
645,Rona Snawden,M,rsnawdenhw@posterous.com,+52-739-137-7122,650 Shelley Street
646,Mallissa Tutin,F,mtutinhx@state.gov,+994-252-315-2935,7 Crescent Oaks Terrace
647,Rickie Nockells,F,rnockellshy@wired.com,+33-629-792-2884,42758 Stephen Drive
648,Mateo Rahill,M,mrahillhz@auda.org.au,+52-360-239-3546,4 Warrior Pass
649,Whitney Smee,M,wsmeei0@google.co.uk,+82-898-806-9271,02 Beilfuss Park
650,Agnola Stoade,M,astoadei1@ezinearticles.com,+7-342-329-2953,15690 Morningstar Lane
651,Leola Aron,M,laroni2@bloglines.com,+380-309-694-1096,78 Oriole Parkway
652,Nanny Pepin,M,npepini3@sphinn.com,+506-825-443-8403,0 Bultman Place
653,Anstice Morford,M,amorfordi4@slate.com,+1-328-300-2595,84442 Dayton Place
654,Tanitansy Rothschild,M,trothschildi5@sun.com,+62-953-429-1860,6460 Lindbergh Pass
655,Alejoa Racher,M,aracheri6@simplemachines.org,+86-148-718-9484,4640 Marquette Street
656,Devi O'Dwyer,M,dodwyeri7@gnu.org,+994-477-890-0362,11 Troy Way
657,Georgeta Scholar,F,gscholari8@jiathis.com,+63-381-914-7454,9732 Lyons Drive
658,Antone Buttriss,F,abuttrissi9@noaa.gov,+33-760-792-4716,77750 Spohn Alley
659,Diane Curran,M,dcurrania@privacy.gov.au,+86-995-643-2996,143 Forest Junction
660,Amil Boc,M,abocib@wordpress.org,+55-205-749-3824,5035 Westerfield Trail
661,Grady Hallford,M,ghallfordic@bravesites.com,+30-451-802-0351,90857 Monument Park
662,Hamilton Peakman,M,hpeakmanid@apache.org,+976-372-697-5940,49 Truax Point
663,Freda Hurley,F,fhurleyie@ehow.com,+381-772-153-9043,495 Jana Way
664,Perren Chisman,F,pchismanif@creativecommons.org,+86-902-852-4220,08 Kennedy Circle
665,Roma Rowson,M,rrowsonig@blinklist.com,+351-885-232-7608,27151 Superior Junction
666,Mason Fritchly,F,mfritchlyih@webs.com,+297-481-889-3684,7 Dorton Parkway
667,Chryste Haworth,F,chaworthii@princeton.edu,+86-289-727-8672,4654 Michigan Circle
668,Alaric Olenin,F,aoleninij@sun.com,+212-733-116-3754,20 Bartelt Terrace
669,Creight Joberne,F,cjoberneik@hatena.ne.jp,+63-901-226-4114,502 Green Way
670,Baldwin Blowing,M,bblowingil@ebay.co.uk,+86-223-399-4576,28292 Coolidge Alley
671,Kent Goodison,M,kgoodisonim@epa.gov,+62-363-351-4679,45 Sherman Parkway
672,Morgan Paridge,F,mparidgein@lulu.com,+48-220-915-2078,61016 Weeping Birch Plaza
673,Tades Lorkins,F,tlorkinsio@shinystat.com,+380-142-448-5642,93921 Miller Road
674,Udale Bertot,F,ubertotip@ustream.tv,+86-958-305-0559,9 Beilfuss Drive
675,Ephraim Hudd,F,ehuddiq@spotify.com,+86-566-578-7837,65343 Russell Park
676,Fulvia Skedge,M,fskedgeir@goo.ne.jp,+7-240-687-0157,69 Jenifer Point
677,Ara Guirau,F,aguirauis@sitemeter.com,+63-176-348-6674,755 Luster Pass
678,Bronny Thoumasson,F,bthoumassonit@meetup.com,+380-104-540-0571,39 Kings Alley
679,Fredericka Rosengarten,F,frosengarteniu@economist.com,+244-948-740-0055,204 Service Junction
680,Carita Rhyme,F,crhymeiv@dailymotion.com,+291-204-226-2207,9 Northfield Hill
681,Ethelind Ledingham,M,eledinghamiw@printfriendly.com,+1-713-419-4390,506 Texas Court
682,Wallas Drexel,M,wdrexelix@wordpress.com,+218-750-156-4773,5654 Blaine Junction
683,Alisun Leroy,M,aleroyiy@istockphoto.com,+46-344-734-7640,9987 Nevada Court
684,Whitman Sokill,F,wsokilliz@bandcamp.com,+33-494-477-9652,862 Longview Plaza
685,Maryanna Vasilechko,F,mvasilechkoj0@redcross.org,+351-270-470-3214,495 Namekagon Alley
686,Lilly Ettery,M,letteryj1@businesswire.com,+86-540-256-5202,603 Hanson Place
687,Torin Maffioni,F,tmaffionij2@addtoany.com,+63-694-782-4660,32 Westport Trail
688,Karlene Vesco,M,kvescoj3@cargocollective.com,+60-509-652-7707,8 Pierstorff Park
689,Danya McMakin,F,dmcmakinj4@t.co,+27-376-475-3483,73980 Autumn Leaf Point
690,Jude Jaggi,M,jjaggij5@apple.com,+55-236-764-9844,27 International Center
691,Godfrey Gough,M,ggoughj6@who.int,+970-261-972-3304,117 Fair Oaks Junction
692,Bernard Leonardi,F,bleonardij7@imdb.com,+383-723-998-1310,6166 Oxford Lane
693,Ebonee Strutton,F,estruttonj8@multiply.com,+86-964-132-8507,63457 Jenifer Center
694,Alick Eastbrook,M,aeastbrookj9@princeton.edu,+63-648-411-1227,38958 Homewood Way
695,Thia Leys,F,tleysja@bbc.co.uk,+1-304-283-1511,34 Florence Place
696,Ronni Szymanski,F,rszymanskijb@cam.ac.uk,+351-751-223-8096,1 Ramsey Place
697,Cos Grellier,F,cgrellierjc@ebay.com,+63-305-742-6420,759 Starling Junction
698,Cherry Jurasz,F,cjuraszjd@amazon.co.jp,+86-489-875-7316,43503 Stuart Court
699,Kimball Gainsford,M,kgainsfordje@cam.ac.uk,+62-470-284-3434,9997 Scott Pass
700,Elna Bresner,F,ebresnerjf@arstechnica.com,+46-706-384-8816,0 Schmedeman Center
701,Yvor McKleod,M,ymckleodjg@fema.gov,+7-503-342-1453,2613 Marquette Way
702,Leticia Lightwing,F,llightwingjh@domainmarket.com,+44-339-453-4918,35 Packers Court
703,Wallace Busain,F,wbusainji@issuu.com,+86-304-245-0811,8204 Ridge Oak Center
704,Cathie Nehlsen,M,cnehlsenjj@unc.edu,+1-508-537-4998,3288 Moland Court
705,Didi Grime,M,dgrimejk@dailymail.co.uk,+86-704-850-0018,8 Rusk Crossing
706,Katharina Dabney,F,kdabneyjl@skype.com,+1-554-442-8369,4585 Debra Avenue
707,Arlinda Squelch,M,asquelchjm@howstuffworks.com,+507-743-588-2671,04943 Carey Park
708,Martelle Tydeman,F,mtydemanjn@nbcnews.com,+7-610-552-4524,78259 Anhalt Pass
709,Jaquelin Dawnay,M,jdawnayjo@behance.net,+62-806-924-0744,570 Blue Bill Park Point
710,Mallissa Dillicate,F,mdillicatejp@odnoklassniki.ru,+46-567-718-5238,85410 Kenwood Drive
711,Karyn Patrie,F,kpatriejq@nifty.com,+62-718-178-3167,3389 Menomonie Circle
712,Kleon Rapier,F,krapierjr@flavors.me,+62-703-491-4395,7823 Bartillon Place
713,Karin Seville,M,ksevillejs@gravatar.com,+66-580-726-0672,67383 Thierer Lane
714,Evy MacKellen,F,emackellenjt@furl.net,+370-251-841-8473,36420 Merrick Road
715,Isaak Seide,F,iseideju@ifeng.com,+62-656-282-6854,89 Eagle Crest Street
716,Bruce Dunseith,M,bdunseithjv@mozilla.org,+48-296-885-3315,9 Parkside Circle
717,Berky Tarbath,F,btarbathjw@alibaba.com,+62-777-807-5986,0945 Mcbride Lane
718,Jeni Daye,F,jdayejx@feedburner.com,+374-597-970-8248,459 Saint Paul Street
719,Jedidiah Di Carlo,M,jdijy@ameblo.jp,+33-675-399-8103,0134 Lake View Trail
720,Ancell Tuxwell,F,atuxwelljz@amazonaws.com,+48-908-524-7566,5 Montana Road
721,Jewel Stonelake,M,jstonelakek0@google.nl,+30-796-613-1607,0866 Texas Hill
722,Suzanne Grzeszczyk,F,sgrzeszczykk1@apache.org,+387-411-750-2981,86703 Village Green Terrace
723,Olly Lukianov,M,olukianovk2@tinypic.com,+7-453-623-6776,589 Cordelia Place
724,Morgen Godart,F,mgodartk3@berkeley.edu,+375-454-754-3261,9 Springview Street
725,Celle Withnall,F,cwithnallk4@xinhuanet.com,+45-188-964-5915,5373 Sommers Hill
726,Gussie Seago,M,gseagok5@oaic.gov.au,+84-270-756-8237,4635 Talmadge Court
727,Bobbette Duquesnay,M,bduquesnayk6@yandex.ru,+51-828-842-4128,59 Rieder Avenue
728,Vasily Gipps,F,vgippsk7@jiathis.com,+46-275-929-4665,6322 Oak Valley Place
729,Donia Burtwistle,F,dburtwistlek8@posterous.com,+977-663-212-0419,8 Morrow Way
730,Lorraine Arguile,F,larguilek9@webmd.com,+62-571-577-4094,523 Glendale Alley
731,Ferguson McSporon,M,fmcsporonka@imgur.com,+86-804-702-1836,13 Coolidge Way
732,Gabbie Baythorp,F,gbaythorpkb@creativecommons.org,+33-700-933-8606,7461 Derek Way
733,Alica Tomsa,M,atomsakc@miibeian.gov.cn,+54-937-325-9974,3 Sloan Road
734,Udell Verlinden,F,uverlindenkd@theguardian.com,+62-657-429-1635,72 Jenna Court
735,Andra Wadge,M,awadgeke@amazon.co.jp,+358-924-913-2288,93148 Portage Road
736,Paxon Kibblewhite,F,pkibblewhitekf@comsenz.com,+267-869-202-3394,366 Loomis Alley
737,Audra Cordie,F,acordiekg@blinklist.com,+86-446-467-7796,48 East Plaza
738,Adolph Embery,F,aemberykh@plala.or.jp,+963-169-442-5907,30 Thompson Lane
739,Titus Marcombe,F,tmarcombeki@indiatimes.com,+7-383-987-6831,242 Coolidge Terrace
740,Agustin Chstney,F,achstneykj@elpais.com,+359-308-640-9316,804 Rieder Junction
741,Danna O'Rourke,F,dorourkekk@free.fr,+351-675-977-4381,7 Raven Junction
742,Germaine Hinkes,M,ghinkeskl@photobucket.com,+387-508-248-9935,75 Northridge Street
743,Lauryn McTrusty,F,lmctrustykm@state.gov,+420-385-618-6007,80 Hoepker Center
744,Lynne Kornel,F,lkornelkn@washingtonpost.com,+86-421-440-4463,78022 Maple Wood Center
745,Fawnia Seacombe,F,fseacombeko@shutterfly.com,+33-525-114-2577,871 Waubesa Junction
746,Raul Castiglione,M,rcastiglionekp@ed.gov,+7-871-625-0905,6 Drewry Center
747,Jozef Storck,F,jstorckkq@spiegel.de,+385-725-282-4477,884 Dwight Center
748,Lana Seaton,F,lseatonkr@wikia.com,+7-208-363-7186,56455 Starling Plaza
749,Laurene Balmann,M,lbalmannks@mediafire.com,+255-749-375-0015,92606 Manley Place
750,Ninnetta Morsley,M,nmorsleykt@harvard.edu,+57-665-857-6651,3043 Center Drive
751,Hew Carnihan,F,hcarnihanku@smh.com.au,+86-945-397-9478,41058 Towne Lane
752,Elton Yakolev,M,eyakolevkv@usa.gov,+86-551-923-4670,6 Sheridan Trail
753,Jen Stienham,M,jstienhamkw@nifty.com,+53-388-341-3139,0607 Transport Plaza
754,Mariele Goodbairn,F,mgoodbairnkx@amazon.com,+1-812-373-7671,0245 Bowman Street
755,Livvyy Viegas,F,lviegasky@amazon.co.jp,+62-283-751-0442,05 Menomonie Center
756,Lorant Stribbling,M,lstribblingkz@ucoz.ru,+63-347-241-3036,60 Eagle Crest Alley
757,Rorie Bagshaw,F,rbagshawl0@samsung.com,+1-614-566-3750,7354 Bowman Alley
758,Cari Habin,F,chabinl1@taobao.com,+20-502-619-2604,00 Waywood Point
759,Ophelie Merrall,M,omerralll2@guardian.co.uk,+62-719-946-1269,39 Monument Way
760,Merrile McInility,M,mmcinilityl3@constantcontact.com,+51-199-434-6438,19 Banding Avenue
761,Morey Sarjeant,M,msarjeantl4@bravesites.com,+86-453-843-8767,95965 Swallow Parkway
762,Abelard Brownlee,M,abrownleel5@sfgate.com,+962-240-128-4161,17080 Homewood Hill
763,Latrena Colleck,F,lcolleckl6@google.fr,+81-122-713-1469,765 Mitchell Avenue
764,Sybilla Herrieven,M,sherrievenl7@msn.com,+235-648-677-6717,1 Atwood Alley
765,Cort Guite,F,cguitel8@1und1.de,+86-794-419-3135,47358 Charing Cross Center
766,Jilleen Caney,M,jcaneyl9@nhs.uk,+86-811-958-9560,44280 La Follette Point
767,Scarface Bridell,F,sbridellla@jiathis.com,+7-499-574-2306,50 Dovetail Road
768,Valaree Deschlein,F,vdeschleinlb@reference.com,+86-322-151-6129,29443 Porter Plaza
769,Darrel Bondar,M,dbondarlc@bluehost.com,+63-651-996-5793,90444 8th Crossing
770,Van Bartles,F,vbartlesld@utexas.edu,+86-244-868-7629,0314 Eliot Point
771,Kaiser Jacop,F,kjacople@google.com.au,+351-734-690-0153,8 Little Fleur Court
772,Kania Milstead,M,kmilsteadlf@last.fm,+81-141-676-1075,95 Macpherson Drive
773,Myles Harron,M,mharronlg@foxnews.com,+86-560-473-0585,93000 Hallows Alley
774,Jami De Blasiis,M,jdelh@issuu.com,+351-695-996-4040,0029 Oriole Center
775,Pren Klimkowski,F,pklimkowskili@barnesandnoble.com,+33-933-669-8188,6 Jenna Point
776,Phillipp Danilchik,M,pdanilchiklj@sciencedirect.com,+86-141-490-0490,84 Carey Pass
777,Budd West,M,bwestlk@epa.gov,+47-262-444-5677,803 Rigney Hill
778,Inez Ion,F,iionll@vimeo.com,+34-222-993-8258,710 Troy Point
779,Oswald Stuchbery,M,ostuchberylm@unesco.org,+86-303-347-6140,5 Scoville Trail
780,Clement Olivey,F,coliveyln@un.org,+7-820-585-8246,50766 Pine View Pass
781,Debbi Beckenham,M,dbeckenhamlo@paypal.com,+970-921-457-5504,87 Hazelcrest Way
782,Patrica Macrow,M,pmacrowlp@delicious.com,+1-782-748-5504,61 Buell Drive
783,Reagen Strettle,F,rstrettlelq@utexas.edu,+1-269-266-8371,0987 Hudson Terrace
784,Ibby Godon,F,igodonlr@rambler.ru,+351-957-719-9049,9 Anzinger Point
785,Symon Wolfendale,F,swolfendalels@canalblog.com,+1-562-235-1380,2 Manitowish Place
786,Natassia Lonie,M,nlonielt@virginia.edu,+52-265-820-8783,1703 Ryan Circle
787,Woodie Varnes,F,wvarneslu@g.co,+86-534-332-2614,42 Hintze Plaza
788,Erna Tellenbrok,F,etellenbroklv@webeden.co.uk,+86-969-292-4163,4 Amoth Point
789,Eleen Selley,M,eselleylw@dell.com,+62-645-776-5413,5 Elka Avenue
790,Dahlia Amiss,M,damisslx@hibu.com,+52-767-710-2603,6181 Briar Crest Hill
791,Benedetto Vitte,F,bvittely@mail.ru,+62-428-245-2324,42427 Erie Pass
792,Hanna Montgomery,M,hmontgomerylz@yelp.com,+33-388-271-6734,386 Prentice Road
793,Nap Gauvin,M,ngauvinm0@photobucket.com,+7-412-988-1216,42335 Mayfield Point
794,Rahel Rackam,F,rrackamm1@mlb.com,+62-590-599-7022,6475 Prairieview Pass
795,Johanna Avis,F,javism2@chron.com,+234-528-140-5240,03166 Grayhawk Avenue
796,Brandie Kenwood,F,bkenwoodm3@merriam-webster.com,+351-809-352-0103,709 Merchant Park
797,Mychal Papachristophorou,M,mpapachristophoroum4@tmall.com,+51-195-162-4634,6639 Fremont Terrace
798,Annabell Brooking,F,abrookingm5@state.tx.us,+86-171-978-3690,4880 Lien Terrace
799,Davida Jaffrey,F,djaffreym6@pinterest.com,+84-579-993-5378,3 Oriole Pass
800,Ynez Cardinale,M,ycardinalem7@tiny.cc,+381-680-825-3038,9 Loomis Park
801,Terrill Champniss,F,tchampnissm8@google.ca,+502-965-271-7833,7576 Mendota Alley
802,Jermaine Mavin,F,jmavinm9@biglobe.ne.jp,+57-555-179-3301,2146 Pawling Avenue
803,Devondra Leer,F,dleerma@discuz.net,+48-328-824-8124,3831 Parkside Trail
804,Cornelius Surgey,F,csurgeymb@hexun.com,+86-856-289-6419,88123 Blackbird Avenue
805,Joycelin Weben,F,jwebenmc@microsoft.com,+62-585-747-5331,82 Twin Pines Terrace
806,Marlo Ainscow,M,mainscowmd@sphinn.com,+7-890-971-5450,7 Westerfield Point
807,Dunn Fallanche,M,dfallancheme@cpanel.net,+51-397-565-9762,7 Fieldstone Point
808,Stafani Dory,M,sdorymf@creativecommons.org,+385-886-620-1095,3546 Holmberg Junction
809,Phillie Petrushkevich,F,ppetrushkevichmg@usnews.com,+1-992-380-0694,92 High Crossing Junction
810,Kym Quinton,M,kquintonmh@reuters.com,+55-808-742-2257,461 Bayside Circle
811,Alexandros Hawkes,M,ahawkesmi@guardian.co.uk,+33-143-995-4411,88235 Anderson Place
812,Etan McGurn,F,emcgurnmj@cnet.com,+33-744-941-7185,42012 Morrow Drive
813,Berti Ales,F,balesmk@tamu.edu,+86-604-990-3285,76165 Forest Dale Plaza
814,Norene Dash,M,ndashml@engadget.com,+62-865-119-9342,7115 Sauthoff Road
815,Carrissa Kadwallider,M,ckadwallidermm@themeforest.net,+86-234-379-5394,658 Waxwing Court
816,Wynn Guiness,F,wguinessmn@51.la,+7-767-622-2601,70878 Buell Hill
817,Goldi Birtwisle,F,gbirtwislemo@goodreads.com,+63-673-520-5519,92 Michigan Parkway
818,Culver Pickrell,M,cpickrellmp@narod.ru,+62-917-974-0193,144 Iowa Junction
819,Laural Ollive,F,lollivemq@loc.gov,+1-336-508-4691,3619 Red Cloud Avenue
820,Talyah Polglaze,F,tpolglazemr@360.cn,+380-578-546-3364,1985 Talisman Place
821,Mariam Groocock,F,mgroocockms@independent.co.uk,+33-371-673-4566,59160 Monica Trail
822,Shauna Cuolahan,F,scuolahanmt@ucla.edu,+62-251-196-7176,4 Fallview Place
823,Cosmo Gobell,M,cgobellmu@squarespace.com,+64-745-870-8694,7 Mallory Terrace
824,Hadrian Leyes,M,hleyesmv@de.vu,+591-198-120-4243,5 Dakota Junction
825,Lavena Mealiffe,F,lmealiffemw@mashable.com,+1-150-508-9428,67 Charing Cross Alley
826,Jeannette Pessler,F,jpesslermx@shinystat.com,+86-458-676-5958,05892 Laurel Center
827,Letty Brugden,F,lbrugdenmy@redcross.org,+82-194-570-6093,33101 David Trail
828,Karlis Newey,F,kneweymz@geocities.com,+63-816-209-3095,580 Weeping Birch Circle
829,Alikee Dilland,M,adillandn0@quantcast.com,+30-244-438-4391,240 Moulton Center
830,Andrei Padgett,M,apadgettn1@fotki.com,+54-791-975-3733,31 Victoria Crossing
831,Nico Lannin,F,nlanninn2@cornell.edu,+7-687-980-3077,24877 Parkside Parkway
832,Aloysius Shearman,M,ashearmann3@mtv.com,+380-711-166-9987,82361 Merchant Way
833,Dee Taft,F,dtaftn4@tinypic.com,+66-735-611-6867,143 Kings Court
834,Faunie Priddie,M,fpriddien5@hhs.gov,+351-867-781-8423,9 Nelson Lane
835,Max Bynold,F,mbynoldn6@w3.org,+33-991-676-1326,2890 Jay Hill
836,Roland Minto,M,rminton7@dell.com,+7-586-539-3793,64 Lunder Center
837,Cleveland Regi,F,cregin8@ning.com,+355-181-487-6393,587 Butterfield Place
838,Corinna Haggus,F,chaggusn9@qq.com,+81-719-138-2808,35093 Mallory Trail
839,Novelia Minshull,F,nminshullna@symantec.com,+86-814-740-5861,5694 Forest Run Court
840,Nollie Summons,F,nsummonsnb@nba.com,+382-663-930-4973,6424 Eagan Street
841,Helli Stonebanks,M,hstonebanksnc@odnoklassniki.ru,+33-520-410-0391,925 Truax Drive
842,Bria Drain,F,bdrainnd@fc2.com,+7-964-810-7143,846 Acker Place
843,Tristam Ridgers,M,tridgersne@nasa.gov,+1-915-105-1778,51802 Brentwood Parkway
844,Davy Chase,F,dchasenf@shareasale.com,+57-189-102-8366,69282 Saint Paul Pass
845,Yule Heinl,F,yheinlng@ameblo.jp,+53-416-496-6269,6 Cardinal Lane
846,Fleur Battersby,F,fbattersbynh@google.it,+371-501-568-7269,62 Transport Court
847,Hamil Penelli,M,hpenellini@bluehost.com,+51-425-635-2270,37 Mandrake Center
848,Mimi D'Aguanno,F,mdaguannonj@loc.gov,+55-673-425-0392,1 Mcbride Junction
849,Kaiser Hutchinges,F,khutchingesnk@mashable.com,+53-555-854-0985,6696 Cherokee Trail
850,Cammy Gehrts,M,cgehrtsnl@usnews.com,+86-431-859-0749,640 Eggendart Terrace
851,Janeczka Deex,F,jdeexnm@xrea.com,+63-797-885-0839,5 Oriole Crossing
852,Ellary Gillies,F,egilliesnn@go.com,+55-234-244-0039,223 Magdeline Circle
853,Bili Jirousek,M,bjirousekno@sitemeter.com,+86-616-916-3640,694 Elgar Plaza
854,Kippie Klemencic,M,kklemencicnp@businessweek.com,+63-849-144-3265,1 Fuller Lane
855,Florella Vinnicombe,M,fvinnicombenq@wsj.com,+93-143-295-8567,170 Burrows Way
856,Appolonia Hullyer,F,ahullyernr@yellowbook.com,+86-101-439-5690,00335 Memorial Alley
857,Coop Smardon,M,csmardonns@netvibes.com,+63-382-577-3990,7 Shasta Street
858,Randolf Maydway,F,rmaydwaynt@pinterest.com,+30-375-378-6002,29379 Morrow Trail
859,Krishna Ruecastle,M,kruecastlenu@sakura.ne.jp,+84-924-384-1082,0 Namekagon Court
860,Nedda Albery,M,nalberynv@sfgate.com,+86-620-129-8084,9733 Carey Plaza
861,Francois Bridges,F,fbridgesnw@godaddy.com,+62-370-987-3598,77 Weeping Birch Crossing
862,Garek Gallaher,M,ggallahernx@diigo.com,+351-625-654-3035,6479 Schlimgen Parkway
863,Berti Hamlen,M,bhamlenny@ebay.com,+51-192-849-8222,5373 Birchwood Court
864,Upton Yerbury,M,uyerburynz@php.net,+46-310-526-9374,178 David Crossing
865,Meris Pomphrey,M,mpomphreyo0@discovery.com,+86-266-244-3799,4040 Arapahoe Pass
866,Odo Oakenfield,M,ooakenfieldo1@china.com.cn,+52-429-870-6337,0 Holy Cross Crossing
867,Harry Gibbett,F,hgibbetto2@house.gov,+33-114-188-8409,5 Mockingbird Crossing
868,Terri-jo Grove,M,tgroveo3@boston.com,+234-933-969-6748,65 Drewry Junction
869,Fayette Lacasa,F,flacasao4@usatoday.com,+86-511-427-5633,0 Red Cloud Way
870,Alene Pelos,F,apeloso5@weebly.com,+55-322-849-0257,00670 Lighthouse Bay Drive
871,Nadya Selvey,M,nselveyo6@twitter.com,+46-783-247-0292,8908 Village Green Road
872,Yulma Brownsey,M,ybrownseyo7@timesonline.co.uk,+46-789-509-5502,48 Esch Terrace
873,Jaquith MacGilmartin,F,jmacgilmartino8@dailymotion.com,+7-120-504-9187,26 Commercial Lane
874,Frederich Brecher,M,fbrechero9@e-recht24.de,+7-372-733-0677,95264 Del Mar Junction
875,Brigitte Soule,M,bsouleoa@photobucket.com,+86-370-695-9538,7 Park Meadow Center
876,Giff Lints,F,glintsob@hud.gov,+359-642-174-2807,977 Rockefeller Hill
877,Lazaro Corbie,M,lcorbieoc@soundcloud.com,+387-274-441-3061,08780 Iowa Avenue
878,Friederike Menlove,M,fmenloveod@hc360.com,+62-694-454-3929,1577 Truax Pass
879,Ogdon Gyles,M,ogylesoe@mozilla.com,+62-268-164-9874,18388 Badeau Road
880,Horatius Andrus,F,handrusof@nasa.gov,+45-758-120-3793,07435 Maywood Alley
881,Merrill Choat,F,mchoatog@networkadvertising.org,+86-241-158-1958,809 Manley Center
882,Kris Fincken,F,kfinckenoh@wiley.com,+63-154-125-7890,38100 Transport Road
883,Carroll Farndon,F,cfarndonoi@sphinn.com,+7-103-451-8674,52 Brown Court
884,Robert Ahlin,M,rahlinoj@topsy.com,+234-398-806-1812,3 Mendota Court
885,Isidro Wheelband,M,iwheelbandok@webeden.co.uk,+63-801-292-7616,5 Oxford Point
886,Callie Ropkins,F,cropkinsol@bandcamp.com,+506-272-417-5496,84125 Cambridge Terrace
887,Lizbeth Keelin,M,lkeelinom@wordpress.org,+7-302-970-2937,62769 Aberg Center
888,Pryce Reeves,M,preeveson@simplemachines.org,+95-860-117-5580,4890 Forest Lane
889,Rayna Sapp,M,rsappoo@twitpic.com,+51-253-898-8633,19 Cordelia Pass
890,Nerty Roblou,F,nroblouop@economist.com,+49-755-504-9760,19856 Hauk Street
891,Ashly Hillburn,M,ahillburnoq@posterous.com,+7-746-287-5847,702 Lien Plaza
892,Rebecca Ubach,F,rubachor@naver.com,+33-566-239-4110,9687 Victoria Point
893,Maire Conner,F,mconneros@newsvine.com,+86-173-958-8668,5 Maywood Street
894,Lea Maclean,F,lmacleanot@blogger.com,+62-930-249-0266,2438 Arapahoe Pass
895,Kacy Norman,F,knormanou@blog.com,+63-618-453-0693,18635 Clyde Gallagher Place
896,Freda Doerling,M,fdoerlingov@independent.co.uk,+33-768-666-0746,9893 Briar Crest Lane
897,Livvyy Dukesbury,F,ldukesburyow@github.io,+49-716-651-4454,13 6th Alley
898,Wildon Shovell,M,wshovellox@comcast.net,+86-637-823-7931,3 Marcy Place
899,Kanya Rigby,M,krigbyoy@omniture.com,+57-333-548-3229,7 Del Mar Park
900,Danya Huby,F,dhubyoz@time.com,+63-695-458-4180,0 Crownhardt Plaza
901,Adelbert Lunk,M,alunkp0@sphinn.com,+81-181-586-5845,76040 Westend Circle
902,Cherise Ciobutaru,F,cciobutarup1@msn.com,+251-589-169-9131,4434 Paget Junction
903,Whitaker Pilsworth,M,wpilsworthp2@angelfire.com,+52-519-530-0460,4352 Lake View Point
904,Quintilla Pownall,F,qpownallp3@google.de,+212-340-161-1700,9025 Swallow Road
905,Bessie Mence,F,bmencep4@wikia.com,+33-308-696-3099,35 Dapin Lane
906,Aida Lubman,F,alubmanp5@hc360.com,+1-915-208-7911,33428 Kinsman Street
907,Desmond Petrina,F,dpetrinap6@ca.gov,+33-712-717-6860,36 Kenwood Street
908,Sheree Serck,F,sserckp7@wikipedia.org,+380-455-227-8206,3874 Golf View Hill
909,Ludovika Broadhurst,F,lbroadhurstp8@economist.com,+27-764-210-5033,9 Union Crossing
910,Conni Crone,F,ccronep9@technorati.com,+972-786-904-4796,1982 Stephen Circle
911,Curtice Curtis,M,ccurtispa@flavors.me,+7-870-813-7658,36874 Superior Point
912,Ginevra Matussow,M,gmatussowpb@usnews.com,+86-881-231-1938,3996 Holmberg Point
913,Hermy Hansmann,M,hhansmannpc@rakuten.co.jp,+34-323-609-2520,327 Garrison Point
914,Pennie Oldnall,F,poldnallpd@psu.edu,+57-755-763-4538,5735 Merrick Road
915,Gabriel Kitchenman,F,gkitchenmanpe@netvibes.com,+380-752-450-2692,23288 Cottonwood Hill
916,Armand Pisculli,F,apiscullipf@hp.com,+976-759-966-5006,8629 Dahle Hill
917,Ingeberg Kemm,M,ikemmpg@hc360.com,+86-289-222-6853,939 Riverside Center
918,Jamie Mahon,M,jmahonph@reference.com,+353-535-966-3174,512 Harper Road
919,Dania McNeilley,F,dmcneilleypi@prnewswire.com,+62-801-988-0723,566 Lien Parkway
920,Uriah Rampley,M,urampleypj@slate.com,+57-743-539-6282,78 Clemons Street
921,Sanson Scammonden,M,sscammondenpk@networksolutions.com,+52-623-219-8466,1762 East Avenue
922,Tybalt Seymer,F,tseymerpl@blogtalkradio.com,+62-380-465-8592,01637 Hooker Place
923,Yolande Mancktelow,M,ymancktelowpm@wired.com,+351-702-575-2390,084 Ramsey Drive
924,Marco Penzer,M,mpenzerpn@vkontakte.ru,+351-636-816-2097,20036 Jay Center
925,Nadeen Czajka,F,nczajkapo@google.it,+33-404-735-9054,52 Judy Lane
926,Shaylah Oxburgh,M,soxburghpp@youku.com,+86-497-328-0083,0453 Gulseth Court
927,Rossie Lawty,F,rlawtypq@live.com,+54-141-370-4273,02618 Shelley Avenue
928,Dory Posen,F,dposenpr@google.cn,+57-134-150-4917,70 Springview Park
929,Kelley Gillard,F,kgillardps@apache.org,+82-950-268-7080,48 Bellgrove Trail
930,Ludvig Landa,F,llandapt@thetimes.co.uk,+62-249-636-8250,20399 Briar Crest Plaza
931,Allegra Zuann,M,azuannpu@sbwire.com,+961-166-218-8068,8060 Comanche Pass
932,Beitris Tidmarsh,M,btidmarshpv@phoca.cz,+380-174-666-8829,8642 Autumn Leaf Junction
933,Joly Begg,F,jbeggpw@feedburner.com,+86-571-513-9217,45181 Lighthouse Bay Point
934,Alisander Gostick,M,agostickpx@exblog.jp,+62-926-805-6018,8661 Schmedeman Alley
935,Vince Cowndley,F,vcowndleypy@adobe.com,+86-352-896-0182,895 Northwestern Terrace
936,Nerty Coppard,F,ncoppardpz@odnoklassniki.ru,+81-157-400-8489,1393 2nd Park
937,Pru Swatradge,F,pswatradgeq0@behance.net,+33-124-332-1267,99 Karstens Plaza
938,Cathi Potes,F,cpotesq1@timesonline.co.uk,+1-412-937-9489,03735 Roxbury Drive
939,Sandor Daugherty,F,sdaughertyq2@rakuten.co.jp,+86-934-750-0051,26 Arkansas Parkway
940,Josh Bus,F,jbusq3@time.com,+850-991-382-0230,8 Nova Plaza
941,Barnabe Gadaud,M,bgadaudq4@skype.com,+48-787-712-4018,06689 Lunder Road
942,Jaquith Apark,M,japarkq5@instagram.com,+1-718-978-5334,5 Canary Way
943,Abbe Penniall,M,apenniallq6@wikispaces.com,+30-593-628-8644,9901 Dapin Lane
944,Micki Skerme,F,mskermeq7@ezinearticles.com,+380-617-927-9243,87721 Dovetail Alley
945,Bale Bodd,F,bboddq8@wufoo.com,+86-295-812-4301,7 Nelson Crossing
946,Adolph McAndrew,F,amcandrewq9@github.com,+374-413-210-0584,04721 Meadow Vale Lane
947,Lynnett Lydall,M,llydallqa@google.pl,+420-349-638-3687,74 Stephen Center
948,Polly Stronge,F,pstrongeqb@themeforest.net,+62-877-736-5546,02 Luster Center
949,Maura Burling,M,mburlingqc@studiopress.com,+53-863-509-3640,662 Bellgrove Center
950,Vernice East,M,veastqd@state.gov,+51-500-889-2295,6046 Almo Hill
951,Kerk Eve,F,keveqe@cnet.com,+355-760-621-5673,1 Sunfield Parkway
952,Aloysius Tollerfield,M,atollerfieldqf@shutterfly.com,+46-257-637-7805,76429 Miller Park
953,Netta Plues,M,npluesqg@nifty.com,+81-783-368-8359,41 Ryan Terrace
954,Tye Fumagalli,M,tfumagalliqh@multiply.com,+1-206-765-1418,80 Annamark Alley
955,Claybourne Ivimy,F,civimyqi@miibeian.gov.cn,+86-519-384-6368,5 Kingsford Lane
956,Teddie Chese,M,tcheseqj@census.gov,+86-360-860-6901,817 Birchwood Center
957,Thomasin Wragge,M,twraggeqk@bizjournals.com,+86-180-211-6064,5 Colorado Crossing
958,Marrilee Coviello,M,mcovielloql@sciencedirect.com,+86-180-597-3312,62 Farmco Center
959,Katusha Kubasiewicz,F,kkubasiewiczqm@geocities.com,+1-901-409-6078,5334 Hoard Hill
960,Beitris Dykins,M,bdykinsqn@toplist.cz,+62-848-407-4426,40 Independence Hill
961,Alexandros Henningham,M,ahenninghamqo@free.fr,+1-412-612-7731,403 Dennis Parkway
962,Rory Litt,F,rlittqp@naver.com,+973-233-613-5391,0463 Del Sol Drive
963,Lesley Gerrell,F,lgerrellqq@yellowbook.com,+62-597-398-3900,942 Elgar Terrace
964,Eleanora Glauber,F,eglauberqr@typepad.com,+81-586-119-3686,18 Leroy Court
965,Dena Shotbolt,F,dshotboltqs@livejournal.com,+48-722-688-2508,9 Debs Pass
966,Brandon Taggert,F,btaggertqt@freewebs.com,+503-790-447-8066,3619 Portage Pass
967,Susette Joseff,F,sjoseffqu@msu.edu,+351-335-148-8971,393 Grayhawk Point
968,Vivianna Wilflinger,M,vwilflingerqv@vkontakte.ru,+86-871-593-5378,7816 Hoepker Pass
969,Genny Trangmar,M,gtrangmarqw@msn.com,+227-128-432-2726,1 Shelley Avenue
970,Melody McClaurie,M,mmcclaurieqx@discuz.net,+48-477-838-1549,7 Browning Terrace
971,Ilysa Dracey,M,idraceyqy@sun.com,+82-539-558-7253,20298 Killdeer Alley
972,Kimmi Domenget,M,kdomengetqz@dailymail.co.uk,+52-222-150-2820,8344 Calypso Crossing
973,Seana Roeby,M,sroebyr0@pen.io,+55-546-853-0918,05 Esker Plaza
974,Desmund Dominico,F,ddominicor1@noaa.gov,+62-125-208-2698,037 Gateway Terrace
975,Trumann Preator,M,tpreatorr2@clickbank.net,+48-567-843-4106,120 Grover Pass
976,Rhoda Winchurst,M,rwinchurstr3@mediafire.com,+62-176-681-1880,9384 Fuller Parkway
977,Gordon Bartens,F,gbartensr4@webnode.com,+86-580-844-4485,880 Twin Pines Drive
978,Shaun Warke,M,swarker5@netvibes.com,+81-455-126-7305,148 Laurel Trail
979,Sacha Bergen,F,sbergenr6@xing.com,+98-226-351-1733,583 Longview Alley
980,Debra Bartosch,F,dbartoschr7@odnoklassniki.ru,+93-797-871-6468,38314 Fuller Trail
981,Berny Fradson,M,bfradsonr8@arstechnica.com,+62-764-638-6084,2 Talmadge Lane
982,Dominik Gerlts,M,dgerltsr9@woothemes.com,+269-222-370-8765,10 Laurel Lane
983,Terence Hartless,M,thartlessra@yolasite.com,+62-674-226-7585,5 Lukken Pass
984,Xena Braunfeld,M,xbraunfeldrb@china.com.cn,+51-729-625-1654,6 Holy Cross Plaza
985,Marty Sherrott,F,msherrottrc@macromedia.com,+86-988-868-0561,1833 Kropf Junction
986,Bentley Winders,F,bwindersrd@phoca.cz,+86-535-894-1493,7 Dryden Alley
987,Fredra Golden,M,fgoldenre@goo.gl,+81-137-577-6570,74 Vernon Point
988,Al Guiden,M,aguidenrf@oracle.com,+54-913-855-2025,8852 Amoth Center
989,Audre Towey,F,atoweyrg@sohu.com,+62-495-448-5568,6153 Caliangt Road
990,Seumas Egdale,F,segdalerh@printfriendly.com,+62-252-883-1089,27 Division Park
991,Ingelbert Levesley,M,ilevesleyri@mayoclinic.com,+86-358-339-6401,991 Straubel Circle
992,Lodovico Harlowe,M,lharlowerj@dailymotion.com,+46-396-982-4508,947 Stephen Crossing
993,Shelia Blanpein,M,sblanpeinrk@prweb.com,+86-936-248-2840,50718 Carpenter Avenue
994,Emmet Huitt,M,ehuittrl@odnoklassniki.ru,+33-858-574-8782,259 Transport Circle
995,Camella Dulake,F,cdulakerm@e-recht24.de,+1-916-665-3720,5 Red Cloud Road
996,Dede Surgeoner,M,dsurgeonerrn@hud.gov,+33-445-124-0337,8782 Elgar Terrace
997,Lesly Packington,F,lpackingtonro@comsenz.com,+62-302-163-8385,68 Portage Circle
998,Noelle Markie,F,nmarkierp@accuweather.com,+58-212-969-6092,52 Ridgeway Park
999,Blondell Mulholland,F,bmulhollandrq@vk.com,+48-709-267-5060,7 Jay Circle
1000,Claire Osban,F,cosbanrr@slate.com,+86-276-539-7290,82206 Forest Lane
